design,kind,level,value,x_0,x_1,x_2,x_3,x_4,x_5,x_6,t_0,t_1,t_2,t_3,s_1,s_2,s_3,CD,CL,CL_ref,Cdi,Cdi_nearfield,Cdprofile,Cdprofile_core,Cy,Cz,cl2d_check_min,cl2d_check_max,delta,thickness,n_clamped,n_clamped_total,time_s,time_geometry_s,time_setup_s,time_solve_s,time_polar_s,time_avl_s,nf_confidence_min,xfoil_filled_points,error
0,baseline,1,0.026496800153110945,0.30086666666666667,0.5034486486486486,0.5083625000000002,0.519104761904762,0.5,0.5,0.5,0.332208,0.376276,0.161338,0.20901200000000003,0.0,0.0,0.0,0.026496800153110945,0.71303915785054,0.71303915785054,0.018061749904760466,,0.008435050248350479,,-0.6816388085433891,0.20926866778320227,0.4545590888173723,0.4545590888173723,0.10813925928979917,0.12250159718885771,0.0,0.0,0.4461432000025525,0.11914769999930286,0.029296400000021094,0.22597689999747672,,,0.880108379534377,,
0,baseline,2,0.026659688058708594,0.30086666666666667,0.5034486486486486,0.5083625000000002,0.519104761904762,0.5,0.5,0.5,0.332208,0.376276,0.161338,0.20901200000000003,0.0,0.0,0.0,0.026659688058708594,0.7152593673728652,0.7152593673728652,0.01812171869605692,,0.008537969362651675,,-0.683806230126187,0.20977369295324796,0.44999999370476595,0.44999999370476595,0.10813925928979917,0.12250159718885771,0.0,0.0,0.14975310000227182,0.001600499999767635,0.06311100000311853,0.005527099998289486,,,0.9627896926335077,,
0,baseline,3,0.02453573318029553,0.30086666666666667,0.5034486486486486,0.5083625000000002,0.519104761904762,0.5,0.5,0.5,0.332208,0.376276,0.161338,0.20901200000000003,0.0,0.0,0.0,0.02453573318029553,0.6721898723575058,0.6721898723575058,0.0160215,0.0160187,0.008514233180295528,0.008575595498725231,-0.64329,0.19498,0.4533,0.4533,0.10813925928979917,0.12250159718885771,0.0,1.0,9.744756500000221,0.0019346000008226838,,,0.011714099997334415,4.917776099999173,,0.0,
1,lhs,1,0.02648907408794554,0.3978990920861488,0.5730396050004761,0.5962361007534502,0.6288650193993361,0.5425645140206424,0.5515198755751417,0.3438455817127557,0.35549578210067573,0.40202465385017616,0.17539777612055202,0.2320616540738606,0.008512902804128489,0.010303975115028341,-0.03123088365744886,0.02660308351348961,0.7152878171820161,0.71303915785054,0.0181614747009286,,0.008441608812561003,,-0.6838007762731132,0.20988844603098328,0.4546094246110586,0.4546094246110586,0.11601922141048664,0.13117205392122447,0.0,0.0,0.16389999999955762,0.12271039999905042,0.03274779999992461,0.005519900001672795,,,0.8655343087521674,,
1,lhs,2,0.0268979772350197,0.3978990920861488,0.5730396050004761,0.5962361007534502,0.6288650193993361,0.5425645140206424,0.5515198755751417,0.3438455817127557,0.35549578210067573,0.40202465385017616,0.17539777612055202,0.2320616540738606,0.008512902804128489,0.010303975115028341,-0.03123088365744886,0.02689442330059784,0.7151892236131311,0.7152593673728652,0.018117156626102887,,0.00877726667449495,,-0.6837414464355015,0.209745703170867,0.450000053775497,0.450000053775497,0.11601922141048664,0.13117205392122447,0.0,0.0,0.07147550000081537,0.0015235999999276828,0.06139880000046105,0.005040500000177417,,,0.9641647142940392,,
1,lhs,3,0.02472023821905376,0.3978990920861488,0.5730396050004761,0.5962361007534502,0.6288650193993361,0.5425645140206424,0.5515198755751417,0.3438455817127557,0.35549578210067573,0.40202465385017616,0.17539777612055202,0.2320616540738606,0.008512902804128489,0.010303975115028341,-0.03123088365744886,0.024297500171654468,0.6632463356099301,0.6721898723575058,0.01557,0.0155668,0.008727500171654466,0.008791052830872604,-0.63476,0.19229,0.4545,0.4545,0.11601922141048664,0.13117205392122447,0.0,1.0,5.042302799996833,0.0015028000016172882,,,0.009774300000572111,5.026451500001713,,0.0,
2,lhs,1,0.026680882333132636,0.8365051616819134,0.2007020141448538,0.039518979048223574,0.011357240142616212,0.470900134861691,0.3355662623710042,0.941335924965717,0.4607612388036592,0.2642597452335959,0.08632303664771578,0.10238502042994942,-0.005819973027661796,-0.03288674752579916,0.08826718499314343,0.026779777797203027,0.7149950423994779,0.71303915785054,0.018100918349839346,,0.008678859447363681,,-0.6835564026742398,0.20968680220482114,0.44867271127960207,0.44867271127960207,0.08052404688086502,0.12472269940818904,0.0,0.0,0.1688082000000577,0.12636249999923166,0.034142399999836925,0.0054388999997172505,,,0.9573585291082947,,
2,lhs,2,0.026629941999822347,0.8365051616819134,0.2007020141448538,0.039518979048223574,0.011357240142616212,0.470900134861691,0.3355662623710042,0.941335924965717,0.4607612388036592,0.2642597452335959,0.08632303664771578,0.10238502042994942,-0.005819973027661796,-0.03288674752579916,0.08826718499314343,0.026694602771092455,0.7165353195040779,0.7152593673728652,0.018171925910642785,,0.008522676860449677,,-0.6850362869837573,0.21011461065884549,0.4500000282461311,0.4500000282461311,0.08052404688086502,0.12472269940818904,0.0,0.0,0.07448689999728231,0.0017679000011412427,0.0631902999994054,0.0056880000011005905,,,0.9151303395547054,,
2,lhs,3,0.024397262291445884,0.8365051616819134,0.2007020141448538,0.039518979048223574,0.011357240142616212,0.470900134861691,0.3355662623710042,0.941335924965717,0.4607612388036592,0.2642597452335959,0.08632303664771578,0.10238502042994942,-0.005819973027661796,-0.03288674752579916,0.08826718499314343,0.02517064062879117,0.6881490409787694,0.6721898723575058,0.0168694,0.0168671,0.00830124062879117,0.008360440985467165,-0.65849,0.19985,0.4491,0.4491,0.08052404688086502,0.12472269940818904,0.0,1.0,5.041748999999982,0.0018374999999650754,,,0.010988599999109283,5.02393370000209,,0.0,
3,lhs,1,0.0274029786014853,0.8777477803728374,0.8282949621095951,0.9575845401773619,0.735538081822112,0.14569394628607893,0.03201744043196107,0.9982975587127083,0.47065946728948094,0.4964691359805502,0.2332135264283779,0.25446299718264354,-0.07086121074278422,-0.0935965119136078,0.09965951174254167,0.027059814209685302,0.7062062421587902,0.71303915785054,0.01764825473450818,,0.009411559475177132,,-0.6751688407989771,0.20706108489575104,0.4342134057604796,0.4342134057604796,0.10715447096271907,0.16738410223153316,0.0,0.0,0.16499999999723514,0.12382950000028359,0.032415199999377364,0.005408100001659477,,,0.9490688956094997,,
3,lhs,2,0.027396364924990733,0.8777477803728374,0.8282949621095951,0.9575845401773619,0.735538081822112,0.14569394628607893,0.03201744043196107,0.9982975587127083,0.47065946728948094,0.4964691359805502,0.2332135264283779,0.25446299718264354,-0.07086121074278422,-0.0935965119136078,0.09965951174254167,0.027460531913432507,0.7165252405150101,0.7152593673728652,0.01817635386807527,,0.009284178045357232,,-0.6850223919926391,0.2101255404841975,0.44999999089123777,0.44999999089123777,0.10715447096271907,0.16738410223153316,0.0,0.0,0.0725812999990012,0.0017087999985960778,0.06182709999848157,0.00525270000071032,,,0.9610709339245779,,
3,lhs,3,0.02536151347147074,0.8777477803728374,0.8282949621095951,0.9575845401773619,0.735538081822112,0.14569394628607893,0.03201744043196107,0.9982975587127083,0.47065946728948094,0.4964691359805502,0.2332135264283779,0.25446299718264354,-0.07086121074278422,-0.0935965119136078,0.09965951174254167,0.02730629099895021,0.7115654463926702,0.6721898723575058,0.0180723,0.0180694,0.00923399099895021,0.009292650058627635,-0.68087,0.20674,0.4464,0.4464,0.10715447096271907,0.16738410223153316,0.0,1.0,4.949970599998778,0.0015668999985791743,,,0.011095300000306452,4.9326976999982435,,0.0,
4,lhs,1,0.02713787359482535,0.9845928758508382,0.6723774466733656,0.9663588814529772,0.09612686743730788,0.007792642516428567,0.9540509226664667,0.5240253808646574,0.49630229020420114,0.4387796552691453,0.23461742103247635,0.12018664216183467,-0.0984414714967143,0.09081018453329334,0.004805076172931494,0.027566968315269,0.7215059355243622,0.71303915785054,0.018390800239811177,,0.009176168075457838,,-0.6898119458356942,0.21149537673258562,0.4494156496728068,0.4494156496728068,0.09920642515241096,0.16162022128280376,0.0,0.0,0.16170720000081928,0.12126730000090902,0.03242120000140858,0.005175999998755287,,,0.9545839405622574,,
4,lhs,2,0.02730557985263603,0.9845928758508382,0.6723774466733656,0.9663588814529772,0.09612686743730788,0.007792642516428567,0.9540509226664667,0.5240253808646574,0.49630229020420114,0.4387796552691453,0.23461742103247635,0.12018664216183467,-0.0984414714967143,0.09081018453329334,0.004805076172931494,0.027514267782201215,0.7193728874468922,0.7152593673728652,0.01830000674070224,,0.009214261041498976,,-0.6877602982976728,0.21091022563919246,0.449999927663525,0.449999927663525,0.09920642515241096,0.16162022128280376,0.0,0.0,0.06969829999798094,0.0015181999988271855,0.05940109999937704,0.0052251000015530735,,,0.9362060643224996,,
4,lhs,3,0.02501767275700567,0.9845928758508382,0.6723774466733656,0.9663588814529772,0.09612686743730788,0.007792642516428567,0.9540509226664667,0.5240253808646574,0.49630229020420114,0.4387796552691453,0.23461742103247635,0.12018664216183467,-0.0984414714967143,0.09081018453329334,0.004805076172931494,0.02466950567571534,0.6648628565350903,0.6721898723575058,0.01571,0.0157076,0.00895950567571534,0.009022038730592978,-0.63624,0.19298,0.4478,0.4478,0.09920642515241096,0.16162022128280376,0.0,1.0,4.884236999998393,0.0016095999999379274,,,0.010087300001032418,4.867990499998996,,0.0,
5,lhs,1,0.027195057274427628,0.07948667622966162,0.9610056026980263,0.30319048900791196,0.41892204071903527,0.0031241250623338366,0.16838521444784596,0.9821288368970595,0.2790768022951188,0.5455720729982698,0.1285104782412659,0.18797362855099742,-0.09937517498753323,-0.06632295711043082,0.09642576737941191,0.027027955041300834,0.7097351808803436,0.71303915785054,0.017906136272090728,,0.009121818769210097,,-0.6784716768125562,0.20832717235735834,0.45290371195041723,0.45290371195041723,0.10719801973226106,0.14082189524305924,0.0,0.0,0.1884427000004507,0.14523619999818038,0.03452180000022054,0.005516500001249369,,,0.8348221704646341,,
5,lhs,2,0.026897909836651086,0.07948667622966162,0.9610056026980263,0.30319048900791196,0.41892204071903527,0.0031241250623338366,0.16838521444784596,0.9821288368970595,0.2790768022951188,0.5455720729982698,0.1285104782412659,0.18797362855099742,-0.09937517498753323,-0.06632295711043082,0.09642576737941191,0.02690720229669432,0.7154425129226301,0.7152593673728652,0.018152425812097174,,0.008754776484597144,,-0.6839524771381833,0.20992140985042604,0.45000002319449844,0.45000002319449844,0.10719801973226106,0.14082189524305924,0.0,0.0,0.07701900000029127,0.0016904999974940438,0.0660721000022022,0.005413299997599097,,,0.7542585314672406,,
5,lhs,3,0.024904966070058737,0.07948667622966162,0.9610056026980263,0.30319048900791196,0.41892204071903527,0.0031241250623338366,0.16838521444784596,0.9821288368970595,0.2790768022951188,0.5455720729982698,0.1285104782412659,0.18797362855099742,-0.09937517498753323,-0.06632295711043082,0.09642576737941191,0.026836323359285902,0.7112829986721179,0.6721898723575058,0.0180666,0.0180637,0.008769723359285903,0.008836846275832342,-0.68059,0.20669,0.4509,0.4509,0.10719801973226106,0.14082189524305924,0.0,1.0,4.93580799999836,0.0016517000003659632,,,0.01173680000283639,4.917663000000175,,0.0,
6,lhs,1,0.026924000495277073,0.6902960508606113,0.42894530920181295,0.770633883993217,0.08218879818673439,0.9581493305250228,0.9910507849393959,0.9915334934116706,0.4256710522065467,0.34870976440467083,0.2033014214389147,0.11725964761921423,0.09162986610500456,0.09821015698787919,0.09830669868233413,0.026981196542301956,0.7141714698051689,0.71303915785054,0.018051647506918678,,0.00892954903538329,,-0.6827764071993381,0.20942126457367918,0.4458937740902811,0.4458937740902811,0.025700021384907484,0.13460964506894912,0.0,0.0,0.16601749999972526,0.12070060000041849,0.03741430000081891,0.0050295000000915024,,,0.9695211041026932,,
6,lhs,2,0.026840959385171167,0.6902960508606113,0.42894530920181295,0.770633883993217,0.08218879818673439,0.9581493305250228,0.9910507849393959,0.9915334934116706,0.4256710522065467,0.34870976440467083,0.2033014214389147,0.11725964761921423,0.09162986610500456,0.09821015698787919,0.09830669868233413,0.02698115360108362,0.7180245362633447,0.7152593673728652,0.018237058051827362,,0.008744095549256259,,-0.6864685622541068,0.21052350869432798,0.4500000195203001,0.4500000195203001,0.025700021384907484,0.13460964506894912,0.0,0.0,0.07018990000142367,0.0015726999990874901,0.05980239999917103,0.005236299999523908,,,0.9394320724718149,,
6,lhs,3,0.02465770072626807,0.6902960508606113,0.42894530920181295,0.770633883993217,0.08218879818673439,0.9581493305250228,0.9910507849393959,0.9915334934116706,0.4256710522065467,0.34870976440467083,0.2033014214389147,0.11725964761921423,0.09162986610500456,0.09821015698787919,0.09830669868233413,0.02486874981115575,0.6765878775887135,0.6721898723575058,0.0162868,0.0162843,0.008581949811155747,0.00863131660825347,-0.64744,0.19645,0.4537,0.4537,0.025700021384907484,0.13460964506894912,0.0,1.0,4.9410671000005095,0.0016441000007034745,,,0.010107800000696443,4.92468960000042,,0.0,
7,lhs,1,0.02661227500366633,0.9392101351901889,0.18744669889991808,0.9786686864107985,0.8845992288055401,0.9976581442054443,0.006472770853438553,0.5082619136900688,0.4854104324456453,0.2593552785929697,0.23658698982572773,0.28576583804916345,0.09953162884108888,-0.09870544582931229,0.0016523827380137551,0.02627813725830881,0.7063954469654401,0.71303915785054,0.017680527038794296,,0.00859761021951452,,-0.6753334185869319,0.20716974014848752,0.4393652143176562,0.4393652143176562,0.1132879061301813,0.13390283093911992,0.0,0.0,0.16665320000174688,0.12184780000097817,0.03645719999985886,0.005535000000236323,,,0.9013063550009246,,
7,lhs,2,0.02712054230187217,0.9392101351901889,0.18744669889991808,0.9786686864107985,0.8845992288055401,0.9976581442054443,0.006472770853438553,0.5082619136900688,0.4854104324456453,0.2593552785929697,0.23658698982572773,0.28576583804916345,0.09953162884108888,-0.09870544582931229,0.0016523827380137551,0.027139160654579345,0.7156267800312842,0.7152593673728652,0.01813657297783013,,0.009002587676749206,,-0.6841616516523804,0.20986786963761475,0.45000003017716705,0.45000003017716705,0.1132879061301813,0.13390283093911992,0.0,0.0,0.0691977999995288,0.0016634000021440443,0.059128399996552616,0.005053100001532584,,,0.9597830950897811,,
7,lhs,3,0.024929602568982568,0.9392101351901889,0.18744669889991808,0.9786686864107985,0.8845992288055401,0.9976581442054443,0.006472770853438553,0.5082619136900688,0.4854104324456453,0.2593552785929697,0.23658698982572773,0.28576583804916345,0.09953162884108888,-0.09870544582931229,0.0016523827380137551,0.024933231170195712,0.6722661484858508,0.6721898723575058,0.0159914,0.015987,0.008941831170195712,0.009002807080457871,-0.6434,0.19488,0.4535,0.4535,0.1132879061301813,0.13390283093911992,0.0,1.0,4.91140169999926,0.0015072000023792498,,,0.011640899996564258,4.893822200003342,,0.0,
8,lhs,1,0.026765073406446266,0.9915290341894331,0.7258876817925748,0.01502506127359181,0.6251989418795497,0.18858482746146019,0.0021093813766003507,0.46044582076029383,0.49796696820546393,0.45857844226325273,0.08240400980377469,0.23129177779470544,-0.06228303450770797,-0.09957812372467993,-0.007910835847941236,0.02678400632191112,0.7134146947782358,0.71303915785054,0.017988345554840662,,0.008795660767070465,,-0.6820751584588312,0.20912676762883256,0.4400828925176228,0.4400828925176228,0.14581852656144656,0.158571941420188,0.0,0.0,0.18083679999836022,0.13656300000002375,0.03656270000283257,0.0049213999991479795,,,0.9040809311468637,,
8,lhs,2,0.02718579975376508,0.9915290341894331,0.7258876817925748,0.01502506127359181,0.6251989418795497,0.18858482746146019,0.0021093813766003507,0.46044582076029383,0.49796696820546393,0.45857844226325273,0.08240400980377469,0.23129177779470544,-0.06228303450770797,-0.09957812372467993,-0.007910835847941236,0.027390844605846443,0.719300568982206,0.7152593673728652,0.018299552211843217,,0.009091292394003235,,-0.6876879743517276,0.21089940367422277,0.449999988265771,0.449999988265771,0.14581852656144656,0.158571941420188,0.0,0.0,0.06822959999772138,0.0015389000000141095,0.05835310000111349,0.005031799999414943,,,0.9404467415602894,,
8,lhs,3,0.025029060256531538,0.9915290341894331,0.7258876817925748,0.01502506127359181,0.6251989418795497,0.18858482746146019,0.0021093813766003507,0.46044582076029383,0.49796696820546393,0.45857844226325273,0.08240400980377469,0.23129177779470544,-0.06228303450770797,-0.09957812372467993,-0.007910835847941236,0.025131651483214182,0.6743373784686713,0.6721898723575058,0.016133,0.0161298,0.008998651483214179,0.00906468160738846,-0.64534,0.19562,0.4497,0.4497,0.14581852656144656,0.158571941420188,0.0,1.0,4.827791399999114,0.0015132000007724855,,,0.009664999997767154,4.812165499999537,,0.0,
9,lhs,1,0.02876624178608822,0.0017600098079572604,0.9581923413954972,0.269606019806809,0.011008702946436624,0.1354127872289386,0.790363801634131,0.065393476240774,0.26042240235390973,0.544531166316334,0.12313696316908943,0.1023118276187517,-0.07291744255421229,0.058072760326826206,-0.0869213047518452,0.027129736099316296,0.6803321258781279,0.71303915785054,0.016620783248409154,,0.01050895285090715,,-0.6502556683355517,0.20004841238894594,0.4474770990421144,0.4474770990421144,0.14212884725844446,0.13692367889162346,0.0,0.0,0.1956940999989456,0.15263899999990826,0.035185000000637956,0.005076400000689318,,,0.1298780423209411,,
9,lhs,2,0.027609104331954504,0.0017600098079572604,0.9581923413954972,0.269606019806809,0.011008702946436624,0.1354127872289386,0.790363801634131,0.065393476240774,0.26042240235390973,0.544531166316334,0.12313696316908943,0.1023118276187517,-0.07291744255421229,0.058072760326826206,-0.0869213047518452,0.02822473043127572,0.7272565451581595,0.7152593673728652,0.018814496176907145,,0.009410234254368582,,-0.6952862742742819,0.21325824551742445,0.44999999298067483,0.44999999298067483,0.14212884725844446,0.13692367889162346,0.0,0.0,0.07155199999760953,0.0015622999999322928,0.05882190000193077,0.007817099998646881,,,0.03790807905290318,,
9,lhs,3,,0.0017600098079572604,0.9581923413954972,0.269606019806809,0.011008702946436624,0.1354127872289386,0.790363801634131,0.065393476240774,0.26042240235390973,0.544531166316334,0.12313696316908943,0.1023118276187517,-0.07291744255421229,0.058072760326826206,-0.0869213047518452,,,,,,,,,,,,0.14212884725844446,0.13692367889162346,,,9.96006529999795,0.0015246000002662186,,,,,,,"AVL x XFOIL failed: XFOIL polar(s) failed:
sec_f4a96a4cb0: XFOIL gave no converged point for sec_f4a96a4cb0 (npane 250: 0/37; npane 260: 0/37; npane 265: 0/37); stdout tail: '  136  2   RLX: 0.031\r\n       a = -4.500      CL =-15.5148\r\n      Cm =  3.8743     CD =  0.00626   =>   CDf =  0.04692    CDp = -0.04065\r\n\r\n Side 1 forced transition at x/c =  0.1000   16\r\n Side 2  free  transition at x/c =  0.0012    6\r\n\r\n 105   rms: 0.3923E+01   max: -.3130E+01   U at  136  2   RLX: 0.032\r\n       a = -4.500      CL =-14.7327\r\n      Cm =  3.6702     CD =  0.00628   =>   CDf =  0.04496    CDp = -0.03868\r\n VISCAL:  Convergence failed\r\n\r\n Sequence halted since previous  4 points did not converge\r\n Last-converged  alpha =   0.000    CL =   0.00000\r\n\r\n.OPERva   c>  \r\n XFOIL   c>  '"
10,lhs,1,0.02640002133569483,0.7968435037887245,0.5134154282425831,0.2217787980854948,0.06620884698675318,0.9817006017112724,0.9577387878470661,0.02444796089233606,0.4512424409092939,0.3799637084497558,0.11548460769367916,0.11390385786721817,0.09634012034225448,0.09154775756941322,-0.0951104078215328,0.02665095903772332,0.7180049584587298,0.71303915785054,0.01820448945814313,,0.00844646957958019,,-0.6864766800611105,0.21043024522059095,0.44314421380479274,0.44314421380479274,0.10061755847900572,0.13983628368907927,0.0,0.0,0.17346209999959683,0.12674150000020745,0.03860300000087591,0.00523099999918486,,,0.8984373668662892,,
10,lhs,2,0.027346500922331575,0.7968435037887245,0.5134154282425831,0.2217787980854948,0.06620884698675318,0.9817006017112724,0.9577387878470661,0.02444796089233606,0.4512424409092939,0.3799637084497558,0.11548460769367916,0.11390385786721817,0.09634012034225448,0.09154775756941322,-0.0951104078215328,0.027542107531115596,0.7191164232905621,0.7152593673728652,0.0182836566397383,,0.009258450891377305,,-0.6875209461647734,0.21081598333832652,0.4499999922393973,0.4499999922393973,0.10061755847900572,0.13983628368907927,0.0,0.0,0.07483879999927012,0.0016969999996945262,0.0643164999964938,0.005259300000034273,,,0.9588415585055107,,
10,lhs,3,0.024887305495804778,0.7968435037887245,0.5134154282425831,0.2217787980854948,0.06620884698675318,0.9817006017112724,0.9577387878470661,0.02444796089233606,0.4512424409092939,0.3799637084497558,0.11548460769367916,0.11390385786721817,0.09634012034225448,0.09154775756941322,-0.0951104078215328,0.02284673103829457,0.6276114801371945,0.6721898723575058,0.0138718,0.0138666,0.008974931038294571,0.009081438086516807,-0.60074,0.18168,0.4539,0.4539,0.10061755847900572,0.13983628368907927,0.0,1.0,5.014772999998968,0.0015834000005270354,,,0.010917499999777647,4.997478999997838,,0.0,
11,lhs,1,0.026463175318114346,0.27900700855723504,0.8178887088874832,0.05162689199257653,0.742536148817896,0.9847919038501156,0.17443300690308086,0.9158909062292171,0.32696168205373644,0.49261882228836884,0.08826030271881224,0.25593259125175816,0.09695838077002314,-0.06511339861938384,0.08317818124584342,0.026377377132066643,0.7113405218897509,0.71303915785054,0.017943498432292218,,0.008433878699774433,,-0.6800435774468675,0.20867695334092246,0.44682793324571524,0.44682793324571524,0.07307363815971887,0.13669196443695047,0.0,0.0,0.16692630000034114,0.12523069999951986,0.033191699996677926,0.005332100001396611,,,0.9094048587784397,,
11,lhs,2,0.027022075477412026,0.27900700855723504,0.8178887088874832,0.05162689199257653,0.742536148817896,0.9847919038501156,0.17443300690308086,0.9158909062292171,0.32696168205373644,0.49261882228836884,0.08826030271881224,0.25593259125175816,0.09695838077002314,-0.06511339861938384,0.08317818124584342,0.027038076082433717,0.7155750603746939,0.7152593673728652,0.018138127919912327,,0.008899948162521376,,-0.6841071525883399,0.20986917545871459,0.44999999317703293,0.44999999317703293,0.07307363815971887,0.13669196443695047,0.0,0.0,0.08036920000085956,0.0015347000007750466,0.06915790000130073,0.0060015000017301645,,,0.959628054241898,,
11,lhs,3,0.0248390311714297,0.27900700855723504,0.8178887088874832,0.05162689199257653,0.742536148817896,0.9847919038501156,0.17443300690308086,0.9158909062292171,0.32696168205373644,0.49261882228836884,0.08826030271881224,0.25593259125175816,0.09695838077002314,-0.06511339861938384,0.08317818124584342,0.025619861380886726,0.6883392423071636,0.6721898723575058,0.0168383,0.0168354,0.008781561380886727,0.008841325443950781,-0.65871,0.19978,0.4541,0.4541,0.07307363815971887,0.13669196443695047,0.0,1.0,5.02619390000109,0.0017908000008901581,,,0.012244400000781752,4.999585199999274,,0.0,
12,lhs,1,0.027030003285700713,0.7869467118479443,0.8588950744760371,0.11156431444396502,0.9171682843075871,0.49332502716545645,0.999340327202604,0.8796473941455686,0.44886721084350667,0.5077911775561338,0.0978502903110344,0.2926053397045933,-0.0013349945669087065,0.09986806544052082,0.07592947882911372,0.026912577040082295,0.7107106872552018,0.71303915785054,0.01789148630376349,,0.009021090736318804,,-0.6794585071748638,0.20843660428645178,0.44323552955289847,0.44323552955289847,0.054442987113094636,0.15876189969399007,0.0,0.0,0.1888107000013406,0.14180900000064867,0.037771799998154165,0.005926300000282936,,,0.9541744894943842,,
12,lhs,2,0.027282987764728685,0.7869467118479443,0.8588950744760371,0.11156431444396502,0.9171682843075871,0.49332502716545645,0.999340327202604,0.8796473941455686,0.44886721084350667,0.5077911775561338,0.0978502903110344,0.2926053397045933,-0.0013349945669087065,0.09986806544052082,0.07592947882911372,0.02728540493848898,0.715307069969344,0.7152593673728652,0.018123532704461705,,0.00916187223402728,,-0.6838509842831676,0.20979045651094516,0.4500000002112777,0.4500000002112777,0.054442987113094636,0.15876189969399007,0.0,0.0,0.07397639999908279,0.0016735000026528724,0.062411799997789785,0.0059179999989282805,,,0.9409178369750854,,
12,lhs,3,0.025124205431547517,0.7869467118479443,0.8588950744760371,0.11156431444396502,0.9171682843075871,0.49332502716545645,0.999340327202604,0.8796473941455686,0.44886721084350667,0.5077911775561338,0.0978502903110344,0.2926053397045933,-0.0013349945669087065,0.09986806544052082,0.07592947882911372,0.02581226041250386,0.6864124740270969,0.6721898723575058,0.0167773,0.0167749,0.009034960412503864,0.009079622581837378,-0.65683,0.19934,0.4492,0.4492,0.054442987113094636,0.15876189969399007,0.0,1.0,4.867774799997278,0.0017903000007208902,,,0.011842300002172124,4.849301499998546,,0.0,
13,lhs,1,0.026810886286743354,0.9447080995306172,0.020966023902998506,0.7614416591691769,0.9860512594037,0.4214074132140555,0.9989140444479031,0.5230489074594253,0.48672994388734814,0.19775742884410946,0.2018306654670683,0.307070764474777,-0.015718517357188905,0.09978280888958063,0.004609781491885068,0.02659277843611266,0.7087181947426259,0.71303915785054,0.01783250775732153,,0.008760270678791138,,-0.6775221294625939,0.20795490772693667,0.4490000596886419,0.4490000596886419,0.0868561608017304,0.12491934796345894,0.0,0.0,0.16073840000171913,0.11886230000163778,0.032120099996973295,0.0068349000030138995,,,0.930472291016625,,
13,lhs,2,0.027051162285621242,0.9447080995306172,0.020966023902998506,0.7614416591691769,0.9860512594037,0.4214074132140555,0.9989140444479031,0.5230489074594253,0.48672994388734814,0.19775742884410946,0.2018306654670683,0.307070764474777,-0.015718517357188905,0.09978280888958063,0.004609781491885068,0.02670847539092847,0.708481709434304,0.7152593673728652,0.017825598475171327,,0.008882876915757145,,-0.6772936140614317,0.2078934653964811,0.4500000260584189,0.4500000260584189,0.0868561608017304,0.12491934796345894,0.0,0.0,0.06984129999909783,0.0017012999996950384,0.059331200001906836,0.005075000000942964,,,0.9339113636770539,,
13,lhs,3,0.02471235546223055,0.9447080995306172,0.020966023902998506,0.7614416591691769,0.9860512594037,0.4214074132140555,0.9989140444479031,0.5230489074594253,0.48672994388734814,0.19775742884410946,0.2018306654670683,0.307070764474777,-0.015718517357188905,0.09978280888958063,0.004609781491885068,0.024890712410808077,0.6759179240114882,0.6721898723575058,0.0162133,0.0162106,0.00867741241080808,0.008731785300651725,-0.64684,0.19612,0.4507,0.4507,0.0868561608017304,0.12491934796345894,0.0,1.0,4.8485068999980285,0.001509599998826161,,,0.009546899997076252,4.833058500000334,,0.0,
14,lhs,1,0.0268194834346794,0.7331206496936341,0.9221025537002845,0.9757498405600384,0.09031552300945192,0.692325885198562,0.047543115587171766,0.22459191577281704,0.4359489559264722,0.5311779448691053,0.23611997448960614,0.11896625983198492,0.03846517703971239,-0.09049137688256564,-0.055081616845436596,0.027203799457832707,0.7206244038952718,0.71303915785054,0.01835225785399512,,0.008851541603837585,,-0.6889671918217187,0.21124331961676554,0.4484864515175455,0.4484864515175455,0.13987860140541097,0.16702055083811387,0.0,0.0,0.17599970000082976,0.1362029000010807,0.03170010000030743,0.005247500001132721,,,0.8833591557775219,,
14,lhs,2,0.027710072617037458,0.7331206496936341,0.9221025537002845,0.9757498405600384,0.09031552300945192,0.692325885198562,0.047543115587171766,0.22459191577281704,0.4359489559264722,0.5311779448691053,0.23611997448960614,0.11896625983198492,0.03846517703971239,-0.09049137688256564,-0.055081616845436596,0.028179028263437458,0.7244859330127327,0.7152593673728652,0.018529595498626455,,0.009649432764811006,,-0.6926729126768957,0.21233017490935063,0.4499999940875413,0.4499999940875413,0.13987860140541097,0.16702055083811387,0.0,0.0,0.06878560000041034,0.0015277999991667457,0.058426699997653486,0.005418200002168305,,,0.9652039777197914,,
14,lhs,3,0.025383039563011627,0.7331206496936341,0.9221025537002845,0.9757498405600384,0.09031552300945192,0.692325885198562,0.047543115587171766,0.22459191577281704,0.4359489559264722,0.5311779448691053,0.23611997448960614,0.11896625983198492,0.03846517703971239,-0.09049137688256564,-0.055081616845436596,0.02418706947916,0.646505977079872,0.6721898723575058,0.0147591,0.0147547,0.009427969479159996,0.009556657731379934,-0.61878,0.1873,0.4551,0.4551,0.13987860140541097,0.16702055083811387,0.0,1.0,4.858922299998085,0.0017809000019042287,,,0.011753200000384822,4.840378299999429,,0.0,
15,lhs,1,0.027020522201625305,0.09091813149877644,0.706143684381121,0.0043825371497007845,0.9766856099471628,0.07311750007331329,0.9517215856491626,0.393569265227371,0.28182035155970636,0.4512731632210148,0.08070120594395212,0.3051039780889042,-0.08537649998533735,0.09034431712983254,-0.021286146954525798,0.026347074008483636,0.6996836980701471,0.71303915785054,0.01747398214176915,,0.008873091866714483,,-0.6688127836685902,0.2055401122569223,0.4518336050176288,0.4518336050176288,0.11237579690874504,0.12325358055161312,0.0,0.0,0.1590475000011793,0.1187592999995104,0.03212340000027325,0.005166900002222974,,,0.7939281448505152,,
15,lhs,2,0.02683782400033166,0.09091813149877644,0.706143684381121,0.0043825371497007845,0.9766856099471628,0.07311750007331329,0.9517215856491626,0.393569265227371,0.28182035155970636,0.4512731632210148,0.08070120594395212,0.3051039780889042,-0.08537649998533735,0.09034431712983254,-0.021286146954525798,0.026608323791267964,0.7107297677246238,0.7152593673728652,0.017948000034227706,,0.008660323757040254,,-0.6794272959512567,0.2086033370928208,0.4499999898718595,0.4499999898718595,0.11237579690874504,0.12325358055161312,0.0,0.0,0.07008370000039577,0.0015127000006032176,0.0593183000019053,0.005796999997983221,,,0.39574902721679894,,
15,lhs,3,0.02475462054862703,0.09091813149877644,0.706143684381121,0.0043825371497007845,0.9766856099471628,0.07311750007331329,0.9517215856491626,0.393569265227371,0.28182035155970636,0.4512731632210148,0.08070120594395212,0.3051039780889042,-0.08537649998533735,0.09034431712983254,-0.021286146954525798,0.02486596544623402,0.6745195092804951,0.6721898723575058,0.0161472,0.0161445,0.00871876544623402,0.008785844426079258,-0.6455,0.19572,0.4503,0.4503,0.11237579690874504,0.12325358055161312,0.0,1.0,4.8601471999973,0.0015541000029770657,,,0.01003090000085649,4.844141099998524,,0.0,
16,lhs,1,0.02669408115318742,0.9186708507297046,0.07740149112120234,0.9926662976401713,0.32903986328450985,0.2622117357833869,0.26614510567086785,0.5465250218435294,0.48048100417512907,0.21863855171484486,0.2388266076224274,0.16909837128974708,-0.04755765284332262,-0.04677097886582643,0.009305004368705877,0.026699398853127967,0.7131444862078736,0.71303915785054,0.018003548906037732,,0.008695849947090245,,-0.6817927136369859,0.20912616727757194,0.44507994553338803,0.44507994553338803,0.12410342346740957,0.12720596355585806,0.0,0.0,0.1788821000009193,0.13704610000058892,0.03338889999940875,0.0054286000013235025,,,0.9278534752631659,,
16,lhs,2,0.026810980042909587,0.9186708507297046,0.07740149112120234,0.9926662976401713,0.32903986328450985,0.2622117357833869,0.26614510567086785,0.5465250218435294,0.48048100417512907,0.21863855171484486,0.2388266076224274,0.16909837128974708,-0.04755765284332262,-0.04677097886582643,0.009305004368705877,0.02684104320251828,0.7158526414194337,0.7152593673728652,0.01814483027105065,,0.008696212931467634,,-0.6843780100289791,0.20993271211498923,0.4500000003759782,0.4500000003759782,0.12410342346740957,0.12720596355585806,0.0,0.0,0.07969500000035623,0.0016467999994347338,0.06804419999753009,0.005967200002487516,,,0.9383541494763132,,
16,lhs,3,0.02453435035436411,0.9186708507297046,0.07740149112120234,0.9926662976401713,0.32903986328450985,0.2622117357833869,0.26614510567086785,0.5465250218435294,0.48048100417512907,0.21863855171484486,0.2388266076224274,0.16909837128974708,-0.04755765284332262,-0.04677097886582643,0.009305004368705877,0.024770219971594745,0.6771133367465154,0.6721898723575058,0.0162785,0.0162757,0.008491719971594742,0.008552132615166385,-0.64798,0.19648,0.4503,0.4503,0.12410342346740957,0.12720596355585806,0.0,1.0,4.884538999998767,0.001815700001316145,,,0.010828599999513244,4.867071600001509,,0.0,
17,lhs,1,0.026754671726643413,0.8094040077747425,0.9224639796895087,0.11795446277085007,0.0037737976207456343,0.9611755048694722,0.2929541637149012,0.5627198719813262,0.4542569618659382,0.5313116724851182,0.09887271404333602,0.10079249750035658,0.09223510097389445,-0.04140916725701976,0.012543974396265242,0.027009940125105898,0.7180928622166115,0.71303915785054,0.018199889113554024,,0.008810051011551868,,-0.6865662223634529,0.21043806945518007,0.44210988912352045,0.44210988912352045,0.09084562414890092,0.16233593416690953,0.0,0.0,0.1627946000007796,0.12210749999940163,0.03234369999699993,0.0055195000022649765,,,0.9319056524799966,,
17,lhs,2,0.027489175054549946,0.8094040077747425,0.9224639796895087,0.11795446277085007,0.0037737976207456343,0.9611755048694722,0.2929541637149012,0.5627198719813262,0.4542569618659382,0.5313116724851182,0.09887271404333602,0.10079249750035658,0.09223510097389445,-0.04140916725701976,0.012543974396265242,0.027912895158773723,0.7236006183182091,0.7152593673728652,0.018485329948796363,,0.009427565209977352,,-0.691825752312041,0.21207306115669888,0.45000002696514085,0.45000002696514085,0.09084562414890092,0.16233593416690953,0.0,0.0,0.06788980000055744,0.0015053999995870981,0.05807430000277236,0.0050289999999222346,,,0.9482137734140755,,
17,lhs,3,0.025158423770103973,0.8094040077747425,0.9224639796895087,0.11795446277085007,0.0037737976207456343,0.9611755048694722,0.2929541637149012,0.5627198719813262,0.4542569618659382,0.5313116724851182,0.09887271404333602,0.10079249750035658,0.09223510097389445,-0.04140916725701976,0.012543974396265242,0.02433502414908914,0.6546603758438416,0.6721898723575058,0.0151723,0.0151689,0.009162724149089143,0.009242451011293853,-0.62654,0.18981,0.4532,0.4532,0.09084562414890092,0.16233593416690953,0.0,1.0,4.8719822999992175,0.0015324999985750765,,,0.009453899998334236,4.856557700000849,,0.0,
18,lhs,1,0.026529349058727565,0.9779625962249404,0.15001595152495048,0.0655091638189217,0.7494849655666016,0.92666563861534,0.549328268243822,0.6816025757171361,0.49471102309398574,0.24550590206423167,0.09048146621102747,0.2573918427689863,0.085333127723068,0.009865653648764391,0.03632051514342721,0.02650213102079925,0.7125004238640835,0.71303915785054,0.017991750267958465,,0.008510380752840793,,-0.681160196019531,0.20899196483389657,0.4484182627991955,0.4484182627991955,0.07529460079380502,0.1293340355365159,0.0,0.0,0.16418369999882998,0.12328319999869564,0.032582299998466624,0.005306600000039907,,,0.9325225095613713,,
18,lhs,2,0.026840238649470993,0.9779625962249404,0.15001595152495048,0.0655091638189217,0.7494849655666016,0.92666563861534,0.549328268243822,0.6816025757171361,0.49471102309398574,0.24550590206423167,0.09048146621102747,0.2573918427689863,0.085333127723068,0.009865653648764391,0.03632051514342721,0.026739928363562208,0.7132778161204136,0.7152593673728652,0.018028767727181892,,0.008711160636380317,,-0.6819064033642014,0.2092101814453723,0.44999998540965214,0.44999998540965214,0.07529460079380502,0.1293340355365159,0.0,0.0,0.07113519999984419,0.001530499997898005,0.06008759999895119,0.005847600001288811,,,0.9441137603573339,,
18,lhs,3,0.024572015662756973,0.9779625962249404,0.15001595152495048,0.0655091638189217,0.7494849655666016,0.92666563861534,0.549328268243822,0.6816025757171361,0.49471102309398574,0.24550590206423167,0.09048146621102747,0.2573918427689863,0.085333127723068,0.009865653648764391,0.03632051514342721,0.024680019564814883,0.6744513510995437,0.6721898723575058,0.0161323,0.0161293,0.008547719564814888,0.008588355861495615,-0.64545,0.19565,0.4509,0.4509,0.07529460079380502,0.1293340355365159,0.0,1.0,4.897648599999229,0.0016801999991002958,,,0.01103270000021439,4.880067600002803,,0.0,
19,lhs,1,0.027553788562913663,0.012682643558965728,0.9110124820862289,0.10790006186436317,0.6247360936353251,0.9405518212424192,0.8957695882879549,0.01991634498132739,0.2630438344541518,0.5270746183719047,0.0972640098982981,0.23119457966341828,0.08811036424848384,0.079153917657591,-0.09601673100373453,0.026023398051627133,0.6823728649091831,0.71303915785054,0.016652598865577566,,0.009370799186049562,,-0.6522547389441227,0.20049060399255778,0.4327634798864848,0.4327634798864848,0.1064092684595805,0.13377937463583847,0.0,0.0,0.18286799999987124,0.13755130000208737,0.03684870000142837,0.005546100001083687,,,0.6729398555233823,,
19,lhs,2,0.027620111034114034,0.012682643558965728,0.9110124820862289,0.10790006186436317,0.6247360936353251,0.9405518212424192,0.8957695882879549,0.01991634498132739,0.2630438344541518,0.5270746183719047,0.0972640098982981,0.23119457966341828,0.08811036424848384,0.079153917657591,-0.09601673100373453,0.027575387081374362,0.7143777676086657,0.7152593673728652,0.018109178709757107,,0.00946620837161725,,-0.6829485618059052,0.20956349104933888,0.44999998593338475,0.44999998593338475,0.1064092684595805,0.13377937463583847,0.0,0.0,0.06980850000036298,0.0015072999995027203,0.059123999999428634,0.0058323999983258545,,,0.3162293561738655,,
19,lhs,3,0.02567426789509581,0.012682643558965728,0.9110124820862289,0.10790006186436317,0.6247360936353251,0.9405518212424192,0.8957695882879549,0.01991634498132739,0.2630438344541518,0.5270746183719047,0.0972640098982981,0.23119457966341828,0.08811036424848384,0.079153917657591,-0.09601673100373453,0.023784935799926694,0.631030952093477,0.6721898723575058,0.0140258,0.0140206,0.009759135799926696,0.009902404348646946,-0.60401,0.18268,0.4538,0.4538,0.1064092684595805,0.13377937463583847,0.0,1.0,4.932661600003485,0.0015698999995947815,,,0.010261999999784166,4.916136499999993,,0.0,
20,lhs,1,0.029977699290620254,0.008048493258398452,0.8451740638188155,0.038531598520528024,0.8480810086823366,0.38488413459481285,0.1608548843140559,0.02966492061973872,0.26193163838201566,0.5027144036129618,0.08616505576328448,0.2780970118232907,-0.023023173081037435,-0.06782902313718883,-0.09406701587605226,0.02787562345388906,0.6712489784150439,0.71303915785054,0.016372497122249995,,0.011503126331639064,,-0.6414442710779275,0.1977989841342633,0.45999087383810244,0.45999087383810244,0.16616058645264678,0.12920990653504924,0.0,0.0,0.18916430000172113,0.14187289999972563,0.03828880000219215,0.005940200000623008,,,0.013764378300711625,,
20,lhs,2,0.028865513360884498,0.008048493258398452,0.8451740638188155,0.038531598520528024,0.8480810086823366,0.38488413459481285,0.1608548843140559,0.02966492061973872,0.26193163838201566,0.5027144036129618,0.08616505576328448,0.2780970118232907,-0.023023173081037435,-0.06782902313718883,-0.09406701587605226,0.0282999545285637,0.7041797244107997,0.7152593673728652,0.01783209192324048,,0.010467862605323225,,-0.6731214748283973,0.20682496076661777,0.44999997151704973,0.44999997151704973,0.16616058645264678,0.12920990653504924,0.0,1.0,0.08453490000101738,0.001761100000294391,0.07198049999715295,0.0070083999999042135,,,0.00895047770833504,,
20,lhs,3,,0.008048493258398452,0.8451740638188155,0.038531598520528024,0.8480810086823366,0.38488413459481285,0.1608548843140559,0.02966492061973872,0.26193163838201566,0.5027144036129618,0.08616505576328448,0.2780970118232907,-0.023023173081037435,-0.06782902313718883,-0.09406701587605226,,,,,,,,,,,,0.16616058645264678,0.12920990653504924,,,11.791516199999023,0.0016466999986732844,,,,,,,"AVL x XFOIL failed: XFOIL polar(s) failed:
sec_fd0a4efc17: XFOIL gave no converged point for sec_fd0a4efc17 (npane 250: 0/37; npane 260: 0/37; npane 265: 0/37); stdout tail: '  143  2   RLX: 0.004\r\n       a = -4.500      CL =********\r\n      Cm = 30.2191     CD =  0.00608   =>   CDf =  0.27251    CDp = -0.26643\r\n\r\n Side 1 forced transition at x/c =  0.1000   17\r\n Side 2  free  transition at x/c =  0.0004   18\r\n\r\n 105   rms: 0.1288E+02   max: -.1011E+02   U at  143  2   RLX: 0.004\r\n       a = -4.500      CL =********\r\n      Cm = 29.9896     CD =  0.00608   =>   CDf =  0.27065    CDp = -0.26457\r\n VISCAL:  Convergence failed\r\n\r\n Sequence halted since previous  4 points did not converge\r\n Last-converged  alpha =   0.000    CL =   0.00000\r\n\r\n.OPERva   c>  \r\n XFOIL   c>  '"
21,lhs,1,0.026452306787981626,0.7652969383123628,0.8465904412483637,0.0002579816478533429,0.9776883648858994,0.7998050052424999,0.5331061400472602,0.028765126582339803,0.4436712651949671,0.5032384632618946,0.08004127706365653,0.3053145566260389,0.05996100104849997,0.006621228009452043,-0.09424697468353205,0.02675505929531249,0.719007469000319,0.71303915785054,0.01831242829507344,,0.008442631000239046,,-0.6873897666649249,0.21087211565919467,0.4534738695534236,0.4534738695534236,0.13015172767500813,0.15639220923547464,0.0,0.0,0.18704090000028373,0.14161049999893294,0.036484899999777554,0.00587459999951534,,,0.8412220267497865,,
21,lhs,2,0.027660286387570558,0.7652969383123628,0.8465904412483637,0.0002579816478533429,0.9776883648858994,0.7998050052424999,0.5331061400472602,0.028765126582339803,0.4436712651949671,0.5032384632618946,0.08004127706365653,0.3053145566260389,0.05996100104849997,0.006621228009452043,-0.09424697468353205,0.027666412529205858,0.7153802664677832,0.7152593673728652,0.018126236562152485,,0.009540175967053376,,-0.6839284382057148,0.20978755221654172,0.4499999934608072,0.4499999934608072,0.13015172767500813,0.15639220923547464,0.0,0.0,0.07642290000148932,0.0018463000014889985,0.06513540000014473,0.005549800000153482,,,0.9634992920851275,,
21,lhs,3,0.025288419264817796,0.7652969383123628,0.8465904412483637,0.0002579816478533429,0.9776883648858994,0.7998050052424999,0.5331061400472602,0.028765126582339803,0.4436712651949671,0.5032384632618946,0.08004127706365653,0.3053145566260389,0.05996100104849997,0.006621228009452043,-0.09424697468353205,0.023829740005232778,0.6406629522611714,0.6721898723575058,0.0144651,0.0144602,0.00936464000523278,0.009472955508952958,-0.61322,0.1855,0.4556,0.4556,0.13015172767500813,0.15639220923547464,0.0,1.0,4.867672399999719,0.0015840999985812232,,,0.011592499999096617,4.849847900000896,,0.0,
22,lhs,1,0.026805553088811947,0.03640193955417757,0.9052870181284707,0.7468606248643782,0.31159501652772525,0.7434156439122361,0.4199227759708151,0.9943404274999428,0.2687364654930026,0.5249561967075342,0.1994976999783005,0.16543495347082232,0.04868312878244724,-0.01601544480583697,0.09886808549998857,0.026804568324670406,0.7130196844990306,0.71303915785054,0.01802839713971802,,0.008776171184952393,,-0.6816482304706133,0.20917160509825145,0.44927656124751414,0.44927656124751414,0.06264705399857819,0.14096104757444053,0.0,0.0,0.18763530000069295,0.14093919999868376,0.03841389999797684,0.005244500000117114,,,0.9339484165205357,,
22,lhs,2,0.026935280757907923,0.03640193955417757,0.9052870181284707,0.7468606248643782,0.31159501652772525,0.7434156439122361,0.4199227759708151,0.9943404274999428,0.2687364654930026,0.5249561967075342,0.1994976999783005,0.16543495347082232,0.04868312878244724,-0.01601544480583697,0.09886808549998857,0.02693648777716239,0.7152831875706168,0.7152593673728652,0.018122749541145365,,0.008813738236017016,,-0.6838288543109912,0.209781163198461,0.45000000724992106,0.45000000724992106,0.06264705399857819,0.14096104757444053,0.0,0.0,0.06997129999945173,0.0015424000011989847,0.05985560000044643,0.0050874999978987034,,,0.9482213506713166,,
22,lhs,3,0.02483414545558677,0.03640193955417757,0.9052870181284707,0.7468606248643782,0.31159501652772525,0.7434156439122361,0.4199227759708151,0.9943404274999428,0.2687364654930026,0.5249561967075342,0.1994976999783005,0.16543495347082232,0.04868312878244724,-0.01601544480583697,0.09886808549998857,0.025618618836910585,0.6883836491376012,0.6721898723575058,0.0168721,0.0168699,0.008746518836910586,0.008809885495770185,-0.65872,0.1999,0.4519,0.4519,0.06264705399857819,0.14096104757444053,0.0,1.0,4.92033789999914,0.001532400001451606,,,0.009951000000000931,4.904400100000203,,0.0,
23,lhs,1,0.0268722416129998,0.7430385468909102,0.9660515278089603,0.907140726849218,0.7086461917107785,0.1595665963510644,0.9811089404414179,0.032108495726702095,0.43832925125381844,0.5474390652893153,0.22514251629587484,0.24881570025926347,-0.06808668072978713,0.0962217880882836,-0.09357830085465958,0.02728595636570639,0.7211854002241294,0.71303915785054,0.018417063188140466,,0.008868893177565916,,-0.6894768904235518,0.2114946785815359,0.4538990588217662,0.4538990588217662,0.13141238307086833,0.17035122589549478,0.0,0.0,0.18489049999698182,0.14022099999783677,0.0362609000003431,0.005660599999828264,,,0.8765205076467067,,
23,lhs,2,0.027734192322877625,0.7430385468909102,0.9660515278089603,0.907140726849218,0.7086461917107785,0.1595665963510644,0.9811089404414179,0.032108495726702095,0.43832925125381844,0.5474390652893153,0.22514251629587484,0.24881570025926347,-0.06808668072978713,0.0962217880882836,-0.09357830085465958,0.027852773102513252,0.7175956235662598,0.7152593673728652,0.01824110560701764,,0.009611667495495602,,-0.6860415573528135,0.21045298892240896,0.4499999921679465,0.4499999921679465,0.13141238307086833,0.17035122589549478,0.0,0.0,0.07057780000104685,0.0015309999980672728,0.05927209999936167,0.006341500000417,,,0.9577450948823355,,
23,lhs,3,0.0254099700667322,0.7430385468909102,0.9660515278089603,0.907140726849218,0.7086461917107785,0.1595665963510644,0.9811089404414179,0.032108495726702095,0.43832925125381844,0.5474390652893153,0.22514251629587484,0.24881570025926347,-0.06808668072978713,0.0962217880882836,-0.09357830085465958,0.0240216100624661,0.6423002759613294,0.6721898723575058,0.0145781,0.0145747,0.009443510062466099,0.009540996073682566,-0.61474,0.18613,0.4533,0.4533,0.13141238307086833,0.17035122589549478,0.0,1.0,4.870377700000972,0.0015387999992526602,,,0.009962300002371194,4.854553299999679,,0.0,
24,lhs,1,0.02643571321805293,0.8448014243093455,0.7907529100397348,0.25408526044797713,0.07761671936723277,0.07691803946086018,0.6254662062093389,0.02279927390639356,0.4627523418342429,0.48257857671470195,0.12065364167167633,0.11629951106711889,-0.08461639210782797,0.025093241241867792,-0.0954401452187213,0.02714663335838109,0.7270195099791277,0.71303915785054,0.01866442663955712,,0.008482206718823963,,-0.6950883407361174,0.21309520516192323,0.45452645429535954,0.45452645429535954,0.1518191084878905,0.1573596080950767,0.0,0.0,0.1638390000007348,0.12028519999876153,0.035451799998554634,0.00528390000181389,,,0.8742975522469555,,
24,lhs,2,0.02717147492728455,0.8448014243093455,0.7907529100397348,0.25408526044797713,0.07761671936723277,0.07691803946086018,0.6254662062093389,0.02279927390639356,0.4627523418342429,0.48257857671470195,0.12065364167167633,0.11629951106711889,-0.08461639210782797,0.025093241241867792,-0.0954401452187213,0.0275530090957345,0.7227713938064895,0.7152593673728652,0.018450581779642386,,0.009102427316092117,,-0.691025257402897,0.21185509513871872,0.44999990736982687,0.44999990736982687,0.1518191084878905,0.1573596080950767,0.0,0.0,0.06939970000166795,0.001545899998745881,0.059251900001981994,0.005140299999766285,,,0.9407135503402976,,
24,lhs,3,0.02493110988183076,0.8448014243093455,0.7907529100397348,0.25408526044797713,0.07761671936723277,0.07691803946086018,0.6254662062093389,0.02279927390639356,0.4627523418342429,0.48257857671470195,0.12065364167167633,0.11629951106711889,-0.08461639210782797,0.025093241241867792,-0.0954401452187213,0.0235905940397876,0.6433538741625794,0.6721898723575058,0.0146262,0.0146229,0.008964394039787599,0.009037500720102868,-0.61575,0.18643,0.4519,0.4519,0.1518191084878905,0.1573596080950767,0.0,1.0,4.893556300001364,0.0015069000000949018,,,0.009826999998040264,4.8777656000020215,,0.0,
25,lhs,1,0.027856040898430728,0.23285306698916478,0.9861522437910215,0.05792501328320888,0.06952237918510074,0.26727847696147244,0.018108193471930215,0.2900495412588435,0.31588473607739953,0.554876330202678,0.08926800212531343,0.11459969962887116,-0.04654430460770551,-0.09637836130561396,-0.0419900917482313,0.027828144347394067,0.7124911288239462,0.71303915785054,0.018127145692184227,,0.009700998655209844,,-0.6810410817256103,0.2093481637245274,0.4696259139906622,0.4696259139906622,0.16004120468133431,0.14427593702843813,0.0,0.0,0.2108786000026157,0.1685680999980832,0.03347129999747267,0.0057540000016160775,,,0.2977440906532301,,
25,lhs,2,0.027414510878409792,0.23285306698916478,0.9861522437910215,0.05792501328320888,0.06952237918510074,0.26727847696147244,0.018108193471930215,0.2900495412588435,0.31588473607739953,0.554876330202678,0.08926800212531343,0.11459969962887116,-0.04654430460770551,-0.09637836130561396,-0.0419900917482313,0.028596913233142777,0.7383423702307951,0.7152593673728652,0.019210697344005576,,0.009386215889137213,,-0.7059421755166823,0.21632175226916575,0.45000001405437406,0.45000001405437406,0.16004120468133431,0.14427593702843813,0.0,0.0,0.06912950000332785,0.0015272999989974778,0.05795369999759714,0.00637270000152057,,,0.1136564694990298,,
25,lhs,3,,0.23285306698916478,0.9861522437910215,0.05792501328320888,0.06952237918510074,0.26727847696147244,0.018108193471930215,0.2900495412588435,0.31588473607739953,0.554876330202678,0.08926800212531343,0.11459969962887116,-0.04654430460770551,-0.09637836130561396,-0.0419900917482313,,,,,,,,,,,,0.16004120468133431,0.14427593702843813,,,13.909528199998022,0.0014990999989095144,,,,,,,"AVL x XFOIL failed: XFOIL polar(s) failed:
sec_417b85fe9e: sec_417b85fe9e: polar end gap: 8/37 alphas converged, missing -6, -5.5, -1, -0.5, 0, 0.5, 1, 1.5, 2, 2.5, 3, 3.5, 4, 4.5, 5, 5.5, 6, 6.5, 7, 7.5, 8, 8.5, 9, 9.5, 10, 10.5, 11, 11.5, 12 (npane 250: 0/37; npane 260: 8/37; npane 265: 0/37)"
26,lhs,1,0.0272291889393384,0.9020556117967595,0.9491453242872724,0.8721903650666979,0.5495175589853961,0.9314842154986331,0.5680436530652153,0.7960810617414407,0.4764933468312223,0.5411837699862908,0.21955045841067167,0.21539868738693319,0.08629684309972663,0.01360873061304306,0.05921621234828814,0.02717618578824759,0.7119875190448801,0.71303915785054,0.017929032442515546,,0.009247153345732048,,-0.6807023518055757,0.20873556362546772,0.44022196991159435,0.44022196991159435,0.06253680252219579,0.17444912916150343,0.0,0.0,0.16109850000066217,0.12059589999989839,0.032475600000907434,0.004986100000678562,,,0.9530867852343239,,
26,lhs,2,0.02770217813051435,0.9020556117967595,0.9491453242872724,0.8721903650666979,0.5495175589853961,0.9314842154986331,0.5680436530652153,0.7960810617414407,0.4764933468312223,0.5411837699862908,0.21955045841067167,0.21539868738693319,0.08629684309972663,0.01360873061304306,0.05921621234828814,0.027944338351892417,0.7200317708862047,0.7152593673728652,0.01832858611457585,,0.009615752237316559,,-0.6883943235657173,0.21109004327069175,0.4499999613410472,0.4499999613410472,0.06253680252219579,0.17444912916150343,0.0,0.0,0.06931909999912023,0.0015610000009473879,0.059254499999951804,0.005089799997222144,,,0.9499524675661881,,
26,lhs,3,0.02545602016565749,0.9020556117967595,0.9491453242872724,0.8721903650666979,0.5495175589853961,0.9314842154986331,0.5680436530652153,0.7960810617414407,0.4764933468312223,0.5411837699862908,0.21955045841067167,0.21539868738693319,0.08629684309972663,0.01360873061304306,0.05921621234828814,0.025397248837789467,0.6709573490170594,0.6721898723575058,0.0159822,0.0159795,0.00941504883778947,0.009467445503142649,-0.64209,0.19469,0.4535,0.4535,0.06253680252219579,0.17444912916150343,0.0,1.0,5.009327299998404,0.0015064000035636127,,,0.009485300000960706,4.993889599998511,,0.0,
27,lhs,1,0.02695111389522021,0.36445616031570904,0.3945709319116214,0.9523241100320945,0.9129747688676537,0.25204083076546047,0.6283391753099347,0.987415660849807,0.34746947847577014,0.3359912448072999,0.23237185760513512,0.2917247014622073,-0.04959183384690791,0.025667835061986943,0.0974831321699614,0.0264163048515061,0.7024037178047319,0.71303915785054,0.017527684017225598,,0.00888862083428049,,-0.6714790278072919,0.20612350181598302,0.4420032190249822,0.4420032190249822,0.0757406333954622,0.12313703408022894,0.0,0.0,0.16411199999856763,0.12217749999763328,0.03379779999886523,0.005125100000441307,,,0.9455891616284217,,
27,lhs,2,0.027028507041776572,0.36445616031570904,0.3945709319116214,0.9523241100320945,0.9129747688676537,0.25204083076546047,0.6283391753099347,0.987415660849807,0.34746947847577014,0.3359912448072999,0.23237185760513512,0.2917247014622073,-0.04959183384690791,0.025667835061986943,0.0974831321699614,0.02662578258030166,0.7072935100512923,0.7152593673728652,0.01777896249823142,,0.008846820082070234,,-0.676145472477723,0.20758470417772623,0.44999998323796264,0.44999998323796264,0.0757406333954622,0.12313703408022894,0.0,0.0,0.07294659999752184,0.001690299999609124,0.06183620000228984,0.005418400000053225,,,0.9550597219147972,,
27,lhs,3,0.024934195652582265,0.36445616031570904,0.3945709319116214,0.9523241100320945,0.9129747688676537,0.25204083076546047,0.6283391753099347,0.987415660849807,0.34746947847577014,0.3359912448072999,0.23237185760513512,0.2917247014622073,-0.04959183384690791,0.025667835061986943,0.0974831321699614,0.02660984358692619,0.7062571515390127,0.6721898723575058,0.0177984,0.017796,0.008811443586926189,0.008865243338906618,-0.67579,0.2052,0.4468,0.4468,0.0757406333954622,0.12313703408022894,0.0,1.0,5.027702799998224,0.001681100002315361,,,0.010313300001143944,5.0110712999994576,,2.0,
28,lhs,1,0.026077243045520088,0.8242860718109339,0.23352609541543884,0.0330136629489421,0.2310846073218819,0.5421896482756724,0.14849191691780067,0.04717631495019833,0.4578286572346242,0.2764046553037124,0.08528218607183073,0.1485277675375952,0.008437929655134485,-0.07030161661643987,-0.09056473700996034,0.026359699325166765,0.7186200254487147,0.71303915785054,0.01825612087047836,,0.008103578454688416,,-0.6870473331107606,0.21066728042413943,0.4475364833010085,0.4475364833010085,0.15753956276195896,0.12579301161871742,0.0,0.0,0.184944100001303,0.13979379999727826,0.03686849999940023,0.005120100002386607,,,0.8319035499949404,,
28,lhs,2,0.026744601199676026,0.8242860718109339,0.23352609541543884,0.0330136629489421,0.2310846073218819,0.5421896482756724,0.14849191691780067,0.04717631495019833,0.4578286572346242,0.2764046553037124,0.08528218607183073,0.1485277675375952,0.008437929655134485,-0.07030161661643987,-0.09056473700996034,0.026838987439131483,0.7171220941999342,0.7152593673728652,0.018192275680527618,,0.008646711758603872,,-0.6856066790464422,0.21025598597093034,0.4500000083622397,0.4500000083622397,0.15753956276195896,0.12579301161871742,0.0,0.0,0.07019399999990128,0.0015469999998458661,0.0596162000001641,0.005268699998850934,,,0.9456526412540233,,
28,lhs,3,0.024546548004021788,0.8242860718109339,0.23352609541543884,0.0330136629489421,0.2310846073218819,0.5421896482756724,0.14849191691780067,0.04717631495019833,0.4578286572346242,0.2764046553037124,0.08528218607183073,0.1485277675375952,0.008437929655134485,-0.07030161661643987,-0.09056473700996034,0.023453112330783128,0.6487251332421151,0.6721898723575058,0.0148465,0.0148417,0.008606612330783126,0.008675238803552369,-0.62092,0.18789,0.45,0.45,0.15753956276195896,0.12579301161871742,0.0,1.0,4.927992799999629,0.0015257999984896742,,,0.010174899998673936,4.9117425000004005,,0.0,
29,lhs,1,0.027120467499580168,0.7088321010897038,0.9521999145767233,0.33266836429406127,0.14360270702624278,0.09015583254946695,0.6644684877727144,0.9678250771460282,0.4301197042615289,0.5423139683933876,0.1332269382870498,0.130156568475511,-0.08196883349010661,0.03289369755454288,0.09356501542920564,0.027527139089714953,0.7210632098131828,0.71303915785054,0.018374546266493853,,0.00915259282322109,,-0.6893822449317403,0.21138654857621425,0.44952313645763264,0.44952313645763264,0.07733698953356771,0.1621349113566546,0.0,0.0,0.16191099999923608,0.11956730000019888,0.034662899997783825,0.004879700001765741,,,0.963422366661643,,
29,lhs,2,0.02718035999044028,0.7088321010897038,0.9521999145767233,0.33266836429406127,0.14360270702624278,0.09015583254946695,0.6644684877727144,0.9678250771460282,0.4301197042615289,0.5423139683933876,0.1332269382870498,0.130156568475511,-0.08196883349010661,0.03289369755454288,0.09356501542920564,0.027378137287032842,0.7191579932410715,0.7152593673728652,0.01829102178914714,,0.009087115497885696,,-0.6875525202888142,0.21085481044316942,0.45000002803189615,0.45000002803189615,0.07733698953356771,0.1621349113566546,0.0,0.0,0.0682554999984859,0.0014822000011918135,0.058417000000190455,0.005058599999756552,,,0.949454476315893,,
29,lhs,3,0.025059677223059268,0.7088321010897038,0.9521999145767233,0.33266836429406127,0.14360270702624278,0.09015583254946695,0.6644684877727144,0.9678250771460282,0.4301197042615289,0.5423139683933876,0.1332269382870498,0.130156568475511,-0.08196883349010661,0.03289369755454288,0.09356501542920564,0.02610174845288178,0.6935649865009046,0.6721898723575058,0.0171708,0.0171684,0.008930948452881783,0.008989833717930544,-0.66364,0.20153,0.4475,0.4475,0.07733698953356771,0.1621349113566546,0.0,1.0,4.871849299997848,0.0014885000018693972,,,0.009618600000976585,4.856296500001918,,0.0,
30,lhs,1,0.026879141700574916,0.39535310489119324,0.712315946496349,0.888533874277077,0.16875244662836308,0.02836942209578168,0.26091581683791276,0.621388257439636,0.35488474517388635,0.4535569002036492,0.2221654198843323,0.13543801379195625,-0.09432611558084367,-0.04781683663241745,0.024277651487927196,0.027095723888109744,0.7173083178362004,0.71303915785054,0.018249479640587606,,0.008846244247522127,,-0.6857409872503809,0.21045313312439062,0.4555696242628007,0.4555696242628007,0.12741313825816977,0.14173049667670048,0.0,0.0,0.1770369000005303,0.13629420000143,0.03241390000039246,0.0053039999984321184,,,0.8912928406275725,,
30,lhs,2,0.026824535112544283,0.39535310489119324,0.712315946496349,0.888533874277077,0.16875244662836308,0.02836942209578168,0.26091581683791276,0.621388257439636,0.35488474517388635,0.4535569002036492,0.2221654198843323,0.13543801379195625,-0.09432611558084367,-0.04781683663241745,0.024277651487927196,0.02700349807234937,0.7187866261449437,0.7152593673728652,0.018279433276340157,,0.008724064796009212,,-0.687191273380836,0.2107661446106946,0.4500000342009929,0.4500000342009929,0.12741313825816977,0.14173049667670048,0.0,0.0,0.06847439999910421,0.0014727999987371732,0.058470399999350775,0.005088099998829421,,,0.9577582270561191,,
30,lhs,3,0.024779654566175292,0.39535310489119324,0.712315946496349,0.888533874277077,0.16875244662836308,0.02836942209578168,0.26091581683791276,0.621388257439636,0.35488474517388635,0.4535569002036492,0.2221654198843323,0.13543801379195625,-0.09432611558084367,-0.04781683663241745,0.024277651487927196,0.025354751460815256,0.6841115278227666,0.6721898723575058,0.0166457,0.016643,0.008709051460815255,0.008772095427308755,-0.65465,0.1986,0.4506,0.4506,0.12741313825816977,0.14173049667670048,0.0,1.0,4.88085769999816,0.001492100000177743,,,0.00956390000283136,4.865483300000051,,1.0,
31,lhs,1,0.02660777824026323,0.9343469319176244,0.3222173222749289,0.15674012992519296,0.6878222086511462,0.08143583052250955,0.8223811305637745,0.42610394422838554,0.48424326366022985,0.3092204092417237,0.10507842078803087,0.2444426638167407,-0.08371283389549809,0.06447622611275491,-0.014779211154322888,0.026762633271944055,0.7160992564871185,0.71303915785054,0.0181577506830636,,0.00860488258888046,,-0.6846120926757844,0.21001054188656132,0.449979911272294,0.449979911272294,0.11405256571928786,0.13592804102324885,0.0,0.0,0.1618519000003289,0.12137260000235983,0.03268960000059451,0.00503019999814569,,,0.9233891897208095,,
31,lhs,2,0.02694201064628979,0.9343469319176244,0.3222173222749289,0.15674012992519296,0.6878222086511462,0.08143583052250955,0.8223811305637745,0.42610394422838554,0.48424326366022985,0.3092204092417237,0.10507842078803087,0.2444426638167407,-0.08371283389549809,0.06447622611275491,-0.014779211154322888,0.026857104242241796,0.7135827960238755,0.7152593673728652,0.018047742773161863,,0.008809361469079922,,-0.6821947017968769,0.2093102855129726,0.4500000480389178,0.4500000480389178,0.11405256571928786,0.13592804102324885,0.0,0.0,0.06988570000248728,0.0014746999986527953,0.059897899998759385,0.005117600001540268,,,0.9215736959316889,,
31,lhs,3,0.02463287379127044,0.9343469319176244,0.3222173222749289,0.15674012992519296,0.6878222086511462,0.08143583052250955,0.8223811305637745,0.42610394422838554,0.48424326366022985,0.3092204092417237,0.10507842078803087,0.2444426638167407,-0.08371283389549809,0.06447622611275491,-0.014779211154322888,0.024605926811368282,0.6716249454122442,0.6721898723575058,0.0160115,0.0160089,0.008594426811368277,0.008653105272450822,-0.64273,0.19488,0.449,0.449,0.11405256571928786,0.13592804102324885,0.0,1.0,4.856254199999967,0.0015327000000979751,,,0.009960799998225411,4.840278200001194,,0.0,
32,lhs,1,0.02655084259978141,0.8390885898626016,0.3650745437527544,0.9986132430218159,0.47540681739334445,0.8528202739680334,0.8806582574230403,0.09690182328840063,0.4613812615670244,0.32507758118851915,0.23977811888349054,0.19983543165260234,0.0705640547936067,0.07613165148460807,-0.08061963534231988,0.026888280317384286,0.7196954586332354,0.71303915785054,0.018327045447832528,,0.008561234869551763,,-0.6880622585328953,0.21102578411159667,0.45137016676478003,0.45137016676478003,0.1050118949227365,0.1390660625361349,0.0,0.0,0.16115550000176881,0.12045740000030492,0.03264800000033574,0.005313699999533128,,,0.9054876448073117,,
32,lhs,2,0.027337379612010087,0.8390885898626016,0.3650745437527544,0.9986132430218159,0.47540681739334445,0.8528202739680334,0.8806582574230403,0.09690182328840063,0.4613812615670244,0.32507758118851915,0.23977811888349054,0.19983543165260234,0.0705640547936067,0.07613165148460807,-0.08061963534231988,0.027375603451454854,0.7160135598933816,0.7152593673728652,0.018153991368888366,,0.009221612082566482,,-0.6845353766068945,0.2099684169699107,0.44999999835416826,0.44999999835416826,0.1050118949227365,0.1390660625361349,0.0,0.0,0.07032509999771719,0.0014711999974679202,0.06038770000304794,0.005108800000016345,,,0.9592847671860352,,
32,lhs,3,0.024947084909722705,0.8390885898626016,0.3650745437527544,0.9986132430218159,0.47540681739334445,0.8528202739680334,0.8806582574230403,0.09690182328840063,0.4613812615670244,0.32507758118851915,0.23977811888349054,0.19983543165260234,0.0705640547936067,0.07613165148460807,-0.08061963534231988,0.023339796939131845,0.6373843997149601,0.6721898723575058,0.0143258,0.0143212,0.009013996939131845,0.00910064761898881,-0.61007,0.18459,0.4554,0.4554,0.1050118949227365,0.1390660625361349,0.0,1.0,4.901665100001992,0.001516199998150114,,,0.009952100001100916,4.885738999997557,,0.0,
33,lhs,1,0.028098706018559412,0.2817125998465025,0.9760933348666315,0.8637486598569849,0.7552047502285058,0.16209348109235566,0.1455414582215987,0.06846982856521173,0.3276110239631606,0.5511545339006537,0.21819978557711756,0.2585929975479862,-0.06758130378152888,-0.07089170835568026,-0.08630603428695766,0.02784675351654826,0.7080863270641005,0.71303915785054,0.01794755008542139,,0.009899203431126869,,-0.676803550941544,0.20814225906347106,0.46832959084101045,0.46832959084101045,0.17391761452453952,0.15537138673122386,0.0,0.0,0.19603889999780222,0.15462350000234437,0.03225440000096569,0.0062034000002313405,,,0.21686450580604794,,
33,lhs,2,0.028300170916346866,0.2817125998465025,0.9760933348666315,0.8637486598569849,0.7552047502285058,0.16209348109235566,0.1455414582215987,0.06846982856521173,0.3276110239631606,0.5511545339006537,0.21819978557711756,0.2585929975479862,-0.06758130378152888,-0.07089170835568026,-0.08630603428695766,0.028588621635337333,0.7209057401730372,0.7152593673728652,0.018486499057086114,,0.010102122578251223,,-0.689202214088907,0.2114365018377457,0.4500000176944765,0.4500000176944765,0.17391761452453952,0.15537138673122386,0.0,0.0,0.0755905999976676,0.0015037000011943746,0.059474100002262276,0.01099650000105612,,,0.06437849775287406,,
33,lhs,3,,0.2817125998465025,0.9760933348666315,0.8637486598569849,0.7552047502285058,0.16209348109235566,0.1455414582215987,0.06846982856521173,0.3276110239631606,0.5511545339006537,0.21819978557711756,0.2585929975479862,-0.06758130378152888,-0.07089170835568026,-0.08630603428695766,,,,,,,,,,,,0.17391761452453952,0.15537138673122386,,,9.510476900002686,0.0015655000024707988,,,,,,,"AVL x XFOIL failed: XFOIL polar(s) failed:
sec_0d3348417f: XFOIL gave no converged point for sec_0d3348417f (npane 250: 0/37; npane 260: 0/37; npane 265: 0/37); stdout tail: '  136  2   RLX: 0.009\r\n       a = -4.500      CL =-51.8917\r\n      Cm = 12.9959     CD =  0.00589   =>   CDf =  0.12870    CDp = -0.12282\r\n\r\n Side 1 forced transition at x/c =  0.1000   17\r\n Side 2  free  transition at x/c =  0.0009   10\r\n\r\n 105   rms: 0.8031E+01   max: -.6396E+01   U at  136  2   RLX: 0.010\r\n       a = -4.500      CL =-51.0262\r\n      Cm = 12.7747     CD =  0.00589   =>   CDf =  0.12682    CDp = -0.12093\r\n VISCAL:  Convergence failed\r\n\r\n Sequence halted since previous  4 points did not converge\r\n Last-converged  alpha =   0.000    CL =   0.00000\r\n\r\n.OPERva   c>  \r\n XFOIL   c>  '"
34,lhs,1,0.027755723729970025,0.11662103136936883,0.6454813089956014,0.9003055834619922,0.8030517035921866,0.8915058366809272,0.024392021613526167,0.14354375748461495,0.2879890475286485,0.42882808432837255,0.22404889335391875,0.2686408577543592,0.07830116733618545,-0.09512159567729478,-0.07129124850307701,0.02719376082534505,0.7019520309848182,0.71303915785054,0.017650205488014777,,0.009543555337330279,,-0.6709348984529099,0.20635652604580873,0.4601041202838718,0.4601041202838718,0.14707730523446244,0.13010491801876425,0.0,0.0,0.17955430000074557,0.13796759999968344,0.032782700000097975,0.00588199999765493,,,0.3240470039429134,,
34,lhs,2,,0.11662103136936883,0.6454813089956014,0.9003055834619922,0.8030517035921866,0.8915058366809272,0.024392021613526167,0.14354375748461495,0.2879890475286485,0.42882808432837255,0.22404889335391875,0.2686408577543592,0.07830116733618545,-0.09512159567729478,-0.07129124850307701,,,,,,,,,,,,0.14707730523446244,0.13010491801876425,,,0.35045940000054543,0.001486499997554347,,,,,,,"NPLLT did not converge (max residual 1.23e-03, 200 iterations)"
34,lhs,3,,0.11662103136936883,0.6454813089956014,0.9003055834619922,0.8030517035921866,0.8915058366809272,0.024392021613526167,0.14354375748461495,0.2879890475286485,0.42882808432837255,0.22404889335391875,0.2686408577543592,0.07830116733618545,-0.09512159567729478,-0.07129124850307701,,,,,,,,,,,,0.14707730523446244,0.13010491801876425,,,9.12243110000054,0.001990000000660075,,,,,,,"AVL x XFOIL failed: XFOIL polar(s) failed:
sec_6ca77a3fc6: XFOIL gave no converged point for sec_6ca77a3fc6 (npane 250: 0/37; npane 260: 0/37; npane 265: 0/37); stdout tail: '  138  2   RLX: 0.000\r\n       a = -4.500      CL =********\r\n      Cm =********     CD =  0.00446   =>   CDf = 40.71006    CDp =-40.70560\r\n\r\n Side 1 forced transition at x/c =  0.1000   15\r\n Side 2  free  transition at x/c =  0.0012    8\r\n\r\n 105   rms: 0.2092E+03   max: -.1697E+03   U at  138  2   RLX: 0.000\r\n       a = -4.500      CL =********\r\n      Cm =********     CD =  0.00446   =>   CDf = 40.70865    CDp =-40.70419\r\n VISCAL:  Convergence failed\r\n\r\n Sequence halted since previous  4 points did not converge\r\n Last-converged  alpha =   0.000    CL =   0.00000\r\n\r\n.OPERva   c>  \r\n XFOIL   c>  '"
35,lhs,1,0.027557034525202605,0.075689050053743,0.8126287868840212,0.8871387020080164,0.200256728350426,0.8373101253061885,0.7537990410200683,0.06525369368209799,0.2781653720128983,0.49067265114708786,0.2219421923212826,0.14205391295358946,0.06746202506123772,0.050759808204013684,-0.08694926126358041,0.026336680781076628,0.6886385493769599,0.71303915785054,0.016920748727211284,,0.009415932053865352,,-0.6582694764613302,0.20224823373105127,0.43407042423419495,0.43407042423419495,0.11239688710408169,0.13776756855019912,0.0,0.0,0.16115799999897717,0.12346289999914006,0.028834799999458482,0.005764099998486927,,,0.7463437221291694,,
35,lhs,2,0.027554611646175748,0.075689050053743,0.8126287868840212,0.8871387020080164,0.200256728350426,0.8373101253061885,0.7537990410200683,0.06525369368209799,0.2781653720128983,0.49067265114708786,0.2219421923212826,0.14205391295358946,0.06746202506123772,0.050759808204013684,-0.08694926126358041,0.027714565784355417,0.7184094767659271,0.7152593673728652,0.018279533252163402,,0.009435032532192012,,-0.6868268170720981,0.21066822175568836,0.4499999805529912,0.4499999805529912,0.11239688710408169,0.13776756855019912,0.0,0.0,0.07676559999890742,0.002410600001894636,0.06442880000031437,0.006048199997167103,,,0.2968026671263373,,
35,lhs,3,,0.075689050053743,0.8126287868840212,0.8871387020080164,0.200256728350426,0.8373101253061885,0.7537990410200683,0.06525369368209799,0.2781653720128983,0.49067265114708786,0.2219421923212826,0.14205391295358946,0.06746202506123772,0.050759808204013684,-0.08694926126358041,,,,,,,,,,,,0.11239688710408169,0.13776756855019912,,,15.77683690000049,0.0019415999995544553,,,,,,,"AVL x XFOIL failed: XFOIL polar(s) failed:
sec_d46abec616: sec_d46abec616: polar end gap: 2/37 alphas converged, missing -5, -4.5, -4, -3.5, -3, -2.5, -2, -1.5, -1, -0.5, 0, 0.5, 1, 1.5, 2, 2.5, 3, 3.5, 4, 4.5, 5, 5.5, 6, 6.5, 7, 7.5, 8, 8.5, 9, 9.5, 10, 10.5, 11, 11.5, 12 (npane 250: 0/37; npane 260: 0/37; npane 265: 2/37)"
36,lhs,1,0.026690846995861862,0.3869045392563315,0.598768858213686,0.7243592045052233,0.9852716266190137,0.7083374907261598,0.07038184690486089,0.8652838939067795,0.35285708942151955,0.41154447753906387,0.1958974727208357,0.3069070415899929,0.04166749814523196,-0.08592363061902783,0.07305677878135591,0.026396809417617937,0.707206357524277,0.71303915785054,0.017752299380366005,,0.008644510037251934,,-0.6760801424280334,0.2075005376794129,0.4441928284736728,0.4441928284736728,0.09533516130802101,0.13421141034105916,0.0,0.0,0.16776340000069467,0.12247600000046077,0.037016400001448346,0.005192000000533881,,,0.9054612200299289,,
36,lhs,2,0.026958180535081894,0.3869045392563315,0.598768858213686,0.7243592045052233,0.9852716266190137,0.7083374907261598,0.07038184690486089,0.8652838939067795,0.35285708942151955,0.41154447753906387,0.1958974727208357,0.3069070415899929,0.04166749814523196,-0.08592363061902783,0.07305677878135591,0.02691155033048577,0.7143391296752073,0.7152593673728652,0.018086815084503396,,0.008824735245982368,,-0.6829173751551808,0.20953341236254078,0.44999993085483037,0.44999993085483037,0.09533516130802101,0.13421141034105916,0.0,0.0,0.07086989999879734,0.0014792999972996768,0.060829499998362735,0.005093600000691367,,,0.9641383880570914,,
36,lhs,3,0.024892131740710095,0.3869045392563315,0.598768858213686,0.7243592045052233,0.9852716266190137,0.7083374907261598,0.07038184690486089,0.8652838939067795,0.35285708942151955,0.41154447753906387,0.1958974727208357,0.3069070415899929,0.04166749814523196,-0.08592363061902783,0.07305677878135591,0.02621969329168595,0.6994070953314672,0.6721898723575058,0.0173958,0.0173929,0.008823893291685947,0.008880721530619695,-0.66929,0.20303,0.4534,0.4534,0.09533516130802101,0.13421141034105916,0.0,1.0,4.872415100002399,0.0015379000033135526,,,0.01023680000071181,4.856114700000035,,0.0,
37,lhs,1,0.02673054092435574,0.30350145243796206,0.909578920622325,0.43686418428840756,0.8949704457694464,0.9725375770169068,0.9392083794623921,0.6403299212725421,0.3328403485851109,0.5265442006302603,0.1498982694861452,0.28794379361158373,0.09450751540338137,0.08784167589247843,0.028065984254508403,0.026510751643256197,0.7086802685280832,0.71303915785054,0.01781219541528162,,0.008698556227974576,,-0.6775036479666672,0.2078858580877845,0.44236152664869877,0.44236152664869877,0.056693272702349785,0.14736928452653872,0.0,0.0,0.1562938999995822,0.12099689999740804,0.02727480000248761,0.005265699997835327,,,0.9188239411418427,,
37,lhs,2,0.027411735922828896,0.30350145243796206,0.909578920622325,0.43686418428840756,0.8949704457694464,0.9725375770169068,0.9392083794623921,0.6403299212725421,0.3328403485851109,0.5265442006302603,0.1498982694861452,0.28794379361158373,0.09450751540338137,0.08784167589247843,0.028065984254508403,0.027305584507138096,0.7131645348986864,0.7152593673728652,0.018042589150094553,,0.009262995357043544,,-0.6817859939664076,0.20921642447116148,0.4499999346032179,0.4499999346032179,0.056693272702349785,0.14736928452653872,0.0,0.0,0.07065499999953317,0.0014830000000074506,0.06050900000263937,0.00523119999706978,,,0.9525058073732934,,
37,lhs,3,0.02508643869916053,0.30350145243796206,0.909578920622325,0.43686418428840756,0.8949704457694464,0.9725375770169068,0.9392083794623921,0.6403299212725421,0.3328403485851109,0.5265442006302603,0.1498982694861452,0.28794379361158373,0.09450751540338137,0.08784167589247843,0.028065984254508403,0.02475994571756713,0.6653030665794349,0.6721898723575058,0.0156893,0.0156862,0.009070645717567128,0.009146867439181267,-0.6367,0.19298,0.4532,0.4532,0.056693272702349785,0.14736928452653872,0.0,1.0,4.852461499998753,0.0015610999980708584,,,0.009954799999832176,4.836370900000475,,1.0,
38,lhs,1,0.02633052020802701,0.9202371545628013,0.13138660282570874,0.25437391247594254,0.9464010305047565,0.4144663313514028,0.059769764907396106,0.20780859580688302,0.4808569170950723,0.23861304304551223,0.12069982599615081,0.2987442164059989,-0.017106733729719437,-0.08804604701852078,-0.0584382808386234,0.02589951385452289,0.7044515481876196,0.71303915785054,0.01757087592223272,,0.008328637932290169,,-0.673487814933114,0.20655785359204698,0.4342937887992857,0.4342937887992857,0.15673947632910623,0.12668600703273944,0.0,0.0,0.1606852999975672,0.1198675000014191,0.03261920000295504,0.005323299999872688,,,0.8454469252916743,,
38,lhs,2,0.026861506631094916,0.9202371545628013,0.13138660282570874,0.25437391247594254,0.9464010305047565,0.4144663313514028,0.059769764907396106,0.20780859580688302,0.4808569170950723,0.23861304304551223,0.12069982599615081,0.2987442164059989,-0.017106733729719437,-0.08804604701852078,-0.0584382808386234,0.026701086188667476,0.7120891361905053,0.7152593673728652,0.017976596588310856,,0.008724489600356631,,-0.6807665774149255,0.20887270035911415,0.450000053745397,0.450000053745397,0.15673947632910623,0.12668600703273944,0.0,0.0,0.07091890000083367,0.0019417000003159046,0.06017309999879217,0.0050760000012815,,,0.941232126781791,,
38,lhs,3,0.024638368359723026,0.9202371545628013,0.13138660282570874,0.25437391247594254,0.9464010305047565,0.4144663313514028,0.059769764907396106,0.20780859580688302,0.4808569170950723,0.23861304304551223,0.12069982599615081,0.2987442164059989,-0.017106733729719437,-0.08804604701852078,-0.0584382808386234,0.024386653310918504,0.6668734669335705,0.6721898723575058,0.0157245,0.0157203,0.008662153310918509,0.00872446130125122,-0.63825,0.19328,0.4507,0.4507,0.15673947632910623,0.12668600703273944,0.0,1.0,4.862135800001852,0.0014914000021235552,,,0.009767100000317441,4.846447200001421,,0.0,
39,lhs,1,0.026391957165244347,0.17808937289910065,0.710198241921067,0.08427532463009826,0.02701710353845769,0.8042838041046677,0.6312969481766498,0.7706810134675481,0.3027414494957842,0.4527733495107948,0.09348405194081572,0.10567359174307613,0.06085676082093355,0.026259389635329977,0.05413620269350963,0.02647764575816303,0.7147328782230602,0.71303915785054,0.018101307625297842,,0.008376338132865183,,-0.6832946052470694,0.209646296540796,0.4497363063448081,0.4497363063448081,0.06654022783664891,0.12580224193171946,0.0,0.0,0.1638552999975218,0.12210699999923236,0.03249099999811733,0.006352500000502914,,,0.9341188657034543,,
39,lhs,2,0.026716610307059456,0.17808937289910065,0.710198241921067,0.08427532463009826,0.02701710353845769,0.8042838041046677,0.6312969481766498,0.7706810134675481,0.3027414494957842,0.4527733495107948,0.09348405194081572,0.10567359174307613,0.06085676082093355,0.026259389635329977,0.05413620269350963,0.02679216325413079,0.7167499022733758,0.7152593673728652,0.018184389098133896,,0.00860777415599689,,-0.685240123736912,0.21018181469840622,0.449999962184662,0.449999962184662,0.06654022783664891,0.12580224193171946,0.0,0.0,0.06869079999887617,0.0015065999978105538,0.05877560000226367,0.005014700000174344,,,0.9472892851420078,,
39,lhs,3,0.024480037134912216,0.17808937289910065,0.710198241921067,0.08427532463009826,0.02701710353845769,0.8042838041046677,0.6312969481766498,0.7706810134675481,0.3027414494957842,0.4527733495107948,0.09348405194081572,0.10567359174307613,0.06085676082093355,0.026259389635329977,0.05413620269350963,0.024460895034606786,0.671788803791787,0.6721898723575058,0.0160267,0.0160242,0.008434195034606786,0.008496532345149157,-0.64288,0.19495,0.4524,0.4524,0.06654022783664891,0.12580224193171946,0.0,1.0,4.873199999998178,0.0014893999978085048,,,0.009749200002261205,4.857561099997838,,0.0,
40,lhs,1,0.02637648866388017,0.9040692144083263,0.08410434257976934,0.7069356584261357,0.035534659783688916,0.9205612113812434,0.15544250032023954,0.43879482871678943,0.4769766114579983,0.22111860675451467,0.1931097053481817,0.10746227855457467,0.08411224227624867,-0.0689114999359521,-0.012241034256642108,0.02659610082568969,0.7173816108475451,0.71303915785054,0.018195246074310834,,0.008400854751378842,,-0.6858606981285527,0.2103128107007108,0.44702383506713717,0.44702383506713717,0.11150058768927633,0.1253579097000504,0.0,0.0,0.16031099999963772,0.12282559999948717,0.029719199999817647,0.004983999999240041,,,0.9166415687558708,,
40,lhs,2,0.02677772342388312,0.9040692144083263,0.08410434257976934,0.7069356584261357,0.035534659783688916,0.9205612113812434,0.15544250032023954,0.43879482871678943,0.4769766114579983,0.22111860675451467,0.1931097053481817,0.10746227855457467,0.08411224227624867,-0.0689114999359521,-0.012241034256642108,0.026942442149167252,0.718507935823499,0.7152593673728652,0.01825725228334101,,0.008685189865826245,,-0.6869337702785937,0.21065528498516625,0.45000002279597867,0.45000002279597867,0.11150058768927633,0.1253579097000504,0.0,0.0,0.06760079999730806,0.0014823999990767334,0.05776999999943655,0.005037600003561238,,,0.9509490309048052,,
40,lhs,3,0.024546906808853557,0.9040692144083263,0.08410434257976934,0.7069356584261357,0.035534659783688916,0.9205612113812434,0.15544250032023954,0.43879482871678943,0.4769766114579983,0.22111860675451467,0.1931097053481817,0.10746227855457467,0.08411224227624867,-0.0689114999359521,-0.012241034256642108,0.023958975461305106,0.6597079628138499,0.6721898723575058,0.0153914,0.0153874,0.008567575461305106,0.008631648787159213,-0.63139,0.19121,0.4515,0.4515,0.11150058768927633,0.1253579097000504,0.0,1.0,4.861595899998065,0.0014836000009381678,,,0.010040000001026783,4.845778700000665,,0.0,
41,lhs,1,0.027131840062259042,0.06731349479744406,0.7792856766769133,0.9413067688777839,0.4716861415947301,0.18948633415422345,0.9465317929759398,0.7222440667563641,0.2761552387513866,0.478335700370458,0.23060908302044542,0.1990540897348933,-0.062102733169155315,0.08930635859518796,0.04444881335127282,0.027022882190646035,0.7108847374980641,0.71303915785054,0.017948979855891306,,0.009073902334754731,,-0.6795854808287408,0.2086161169575849,0.4513515475854881,0.4513515475854881,0.08016725644742409,0.13676049876774576,0.0,0.0,0.1649853000017174,0.12039290000029723,0.03642740000213962,0.00528420000046026,,,0.9222219043692941,,
41,lhs,2,0.02694914257928959,0.06731349479744406,0.7792856766769133,0.9413067688777839,0.4716861415947301,0.18948633415422345,0.9465317929759398,0.7222440667563641,0.2761552387513866,0.478335700370458,0.23060908302044542,0.1990540897348933,-0.062102733169155315,0.08930635859518796,0.04444881335127282,0.026842694858659897,0.713158627030402,0.7152593673728652,0.018041845459813015,,0.008800849398846879,,-0.6817766553742228,0.20922671792729125,0.44999999352961934,0.44999999352961934,0.08016725644742409,0.13676049876774576,0.0,0.0,0.0692778000011458,0.0014947999989090022,0.059338999999454245,0.005067000001872657,,,0.957675274710547,,
41,lhs,3,0.0248522386001127,0.06731349479744406,0.7792856766769133,0.9413067688777839,0.4716861415947301,0.18948633415422345,0.9465317929759398,0.7222440667563641,0.2761552387513866,0.478335700370458,0.23060908302044542,0.1990540897348933,-0.062102733169155315,0.08930635859518796,0.04444881335127282,0.025295455971150762,0.6813895365354534,0.6721898723575058,0.0165254,0.016523,0.008770055971150763,0.00883577972210646,-0.65203,0.19786,0.4512,0.4512,0.08016725644742409,0.13676049876774576,0.0,1.0,4.934721300000092,0.0014938999993319158,,,0.009734800001751864,4.918914800000493,,0.0,
42,lhs,1,0.026916078503396924,0.8743181786872851,0.6874215996583023,0.06494239428549371,0.28921075921036477,0.8642808924625375,0.9841146687886215,0.9139537609453163,0.46983636288494846,0.4443459918735719,0.090390783085679,0.1607342594341766,0.0728561784925075,0.0968229337577243,0.08279075218906326,0.02710794206212652,0.7168326636318765,0.71303915785054,0.01817566086021719,,0.008932281201909335,,-0.6853276211399999,0.21017877950011912,0.4473364220098306,0.4473364220098306,0.035860139976467434,0.1516588335918228,0.0,0.0,0.15990070000043488,0.12374460000137333,0.028161199999885866,0.005090899998322129,,,0.9623489165368994,,
42,lhs,2,0.02706285074787266,0.8743181786872851,0.6874215996583023,0.06494239428549371,0.28921075921036477,0.8642808924625375,0.9841146687886215,0.9139537609453163,0.46983636288494846,0.4443459918735719,0.090390783085679,0.1607342594341766,0.0728561784925075,0.0968229337577243,0.08279075218906326,0.027249971447742667,0.7189491889001867,0.7152593673728652,0.01827681685287534,,0.00897315459486732,,-0.6873576330342475,0.2107781310520449,0.4499999977162079,0.4499999977162079,0.035860139976467434,0.1516588335918228,0.0,0.0,0.07035080000059679,0.0014937999985704664,0.05959849999999278,0.005655299999489216,,,0.9319069175071395,,
42,lhs,3,0.024871578113113024,0.8743181786872851,0.6874215996583023,0.06494239428549371,0.28921075921036477,0.8642808924625375,0.9841146687886215,0.9139537609453163,0.46983636288494846,0.4443459918735719,0.090390783085679,0.1607342594341766,0.0728561784925075,0.0968229337577243,0.08279075218906326,0.02499879299118579,0.6748455043934131,0.6721898723575058,0.0161957,0.0161932,0.008803092991185788,0.008850760659342564,-0.64578,0.19592,0.4524,0.4524,0.035860139976467434,0.1516588335918228,0.0,1.0,5.046025700001337,0.0015307999965443742,,,0.010257500001898734,5.0294728000008035,,0.0,
43,lhs,1,0.026374105324370345,0.9519313706816367,0.13279464544063105,0.5731670081212641,0.18403670846354253,0.3897352718662284,0.9707326112395971,0.09872823659040518,0.4884635289635928,0.2391340188130335,0.17170672129940223,0.13864770877734395,-0.02205294562675432,0.09414652224791942,-0.08025435268191897,0.027003452108631972,0.7254126822823967,0.71303915785054,0.01860679441434176,,0.008396657694290223,,-0.6935319904505325,0.2126897690013883,0.4576196200931195,0.4576196200931195,0.11905680966499901,0.129307305909298,0.0,0.0,0.16991480000069714,0.127670499998203,0.03354780000154278,0.0055477999994764104,,,0.9106139044394244,,
43,lhs,2,0.026839980617860817,0.9519313706816367,0.13279464544063105,0.5731670081212641,0.18403670846354253,0.3897352718662284,0.9707326112395971,0.09872823659040518,0.4884635289635928,0.2391340188130335,0.17170672129940223,0.13864770877734395,-0.02205294562675432,0.09414652224791942,-0.08025435268191897,0.026887006423304275,0.7161874525035016,0.7152593673728652,0.018156269728797778,,0.008730736694506488,,-0.6847036960006752,0.21001265630068647,0.4500000290280336,0.4500000290280336,0.11905680966499901,0.129307305909298,0.0,0.0,0.07064620000164723,0.001702999998087762,0.05991319999884581,0.005186200000025565,,,0.9274448905136323,,
43,lhs,3,0.0244776079729587,0.9519313706816367,0.13279464544063105,0.5731670081212641,0.18403670846354253,0.3897352718662284,0.9707326112395971,0.09872823659040518,0.4884635289635928,0.2391340188130335,0.17170672129940223,0.13864770877734395,-0.02205294562675432,0.09414652224791942,-0.08025435268191897,0.02325101547171623,0.6458499687233871,0.6721898723575058,0.0147374,0.0147339,0.008513615471716227,0.008576947348624691,-0.61814,0.18715,0.4518,0.4518,0.11905680966499901,0.129307305909298,0.0,1.0,5.003625600002124,0.0015096000024641398,,,0.010352500001317821,4.986993399998028,,0.0,
44,lhs,1,0.026909599868714065,0.9534598937769644,0.5831236271820088,0.8085969304590019,0.9888212960531906,0.14211841458622032,0.22734651660796085,0.40621343525593917,0.4888303745064715,0.4057557420573433,0.2093755088734403,0.30765247217117003,-0.07157631708275594,-0.05453069667840783,-0.018757312948812166,0.026528445222338135,0.7054513055074667,0.71303915785054,0.017623412633870468,,0.008905032588467672,,-0.6744387415736066,0.20686693381688373,0.43553690469764916,0.43553690469764916,0.1434773190784818,0.15502749899608448,0.0,0.0,0.15969059999770252,0.1201041999993322,0.03153540000130306,0.0051958999974885955,,,0.901958576471277,,
44,lhs,2,0.02728555762965064,0.9534598937769644,0.5831236271820088,0.8085969304590019,0.9888212960531906,0.14211841458622032,0.22734651660796085,0.40621343525593917,0.4888303745064715,0.4057557420573433,0.2093755088734403,0.30765247217117003,-0.07157631708275594,-0.05453069667840783,-0.018757312948812166,0.02728106214242532,0.715170675967692,0.7152593673728652,0.018123747663441197,,0.009157314478984132,,-0.6837155480520258,0.20976688279135838,0.45000007395243224,0.45000007395243224,0.1434773190784818,0.15502749899608448,0.0,0.0,0.06890159999966272,0.0014998999977251515,0.058891199998470256,0.005070700000942452,,,0.9495240213369915,,
44,lhs,3,0.025106719977445367,0.9534598937769644,0.5831236271820088,0.8085969304590019,0.9888212960531906,0.14211841458622032,0.22734651660796085,0.40621343525593917,0.4888303745064715,0.4057557420573433,0.2093755088734403,0.30765247217117003,-0.07157631708275594,-0.05453069667840783,-0.018757312948812166,0.025417449058172878,0.6786744392564081,0.6721898723575058,0.0163385,0.0163354,0.00907894905817288,0.00914008676433613,-0.64949,0.19688,0.4504,0.4504,0.1434773190784818,0.15502749899608448,0.0,1.0,4.922412500000064,0.00149289999899338,,,0.009577100001479266,4.906916599997203,,0.0,
45,lhs,1,0.026873134706107554,0.6098698011223113,0.9384366506227506,0.2706713569951449,0.7630874379039077,0.3935450621505311,0.2977218188322408,0.9193011806625813,0.4063687522693547,0.5372215607304178,0.12330741711922318,0.2602483619598206,-0.021290987569893782,-0.04045563623355184,0.08386023613251625,0.026761318587439128,0.7108208304918162,0.71303915785054,0.01788676429279032,,0.00887455429464881,,-0.6795721318545737,0.20844176804974887,0.44123627870155513,0.44123627870155513,0.08948283518553796,0.15793920769839825,0.0,0.0,0.1774909999985539,0.13642579999941518,0.033060900001146365,0.005147299998498056,,,0.9402109909920576,,
45,lhs,2,0.027168051676447105,0.6098698011223113,0.9384366506227506,0.2706713569951449,0.7630874379039077,0.3935450621505311,0.2977218188322408,0.9193011806625813,0.4063687522693547,0.5372215607304178,0.12330741711922318,0.2602483619598206,-0.021290987569893782,-0.04045563623355184,0.08386023613251625,0.027251428385333017,0.7169040298863766,0.7152593673728652,0.018192711306303434,,0.009058717079029593,,-0.6853871650864442,0.21022802382673428,0.4499999931405039,0.4499999931405039,0.08948283518553796,0.15793920769839825,0.0,0.0,0.06922080000003916,0.0019581000015023164,0.05852980000054231,0.005074699998658616,,,0.957637148145964,,
45,lhs,3,0.025112427970647645,0.6098698011223113,0.9384366506227506,0.2706713569951449,0.7630874379039077,0.3935450621505311,0.2977218188322408,0.9193011806625813,0.4063687522693547,0.5372215607304178,0.12330741711922318,0.2602483619598206,-0.021290987569893782,-0.04045563623355184,0.08386023613251625,0.026292280663405013,0.6963864152896724,0.6721898723575058,0.0172785,0.0172761,0.009013780663405016,0.009072018770547446,-0.66637,0.20225,0.4495,0.4495,0.08948283518553796,0.15793920769839825,0.0,1.0,4.872069599998213,0.0014739999969606288,,,0.009565299998939736,4.856703400000697,,0.0,
46,lhs,1,0.026858756836893816,0.7147440669715206,0.26776910063283865,0.15835575239255598,0.4502799753545014,0.010527418717591566,0.027699581909909045,0.9355416024172283,0.4315385760731649,0.2890745672341503,0.10533692038280895,0.1945587948244453,-0.0978945162564817,-0.09446008361801819,0.08710832048344566,0.026458892926560784,0.7050814646335511,0.71303915785054,0.01761531605469396,,0.008843576871866819,,-0.6740745867558788,0.20679294779968865,0.4373275245218682,0.4373275245218682,0.11543401831681788,0.12333193028381123,0.0,0.0,0.16576809999969555,0.12205340000218712,0.03593460000047344,0.004947699999320321,,,0.9332049051787558,,
46,lhs,2,0.026794437898077603,0.7147440669715206,0.26776910063283865,0.15835575239255598,0.4502799753545014,0.010527418717591566,0.027699581909909045,0.9355416024172283,0.4315385760731649,0.2890745672341503,0.10533692038280895,0.1945587948244453,-0.0978945162564817,-0.09446008361801819,0.08710832048344566,0.02669763514391238,0.7133472512878023,0.7152593673728652,0.018032784191303008,,0.008664850952609365,,-0.681971607084615,0.20923438543960785,0.4499999558912263,0.4499999558912263,0.11543401831681788,0.12333193028381123,0.0,0.0,0.06820309999966412,0.0014783000005991198,0.05825700000059442,0.005057499998656567,,,0.939783376355728,,
46,lhs,3,0.024663995771595962,0.7147440669715206,0.26776910063283865,0.15835575239255598,0.4502799753545014,0.010527418717591566,0.027699581909909045,0.9355416024172283,0.4315385760731649,0.2890745672341503,0.10533692038280895,0.1945587948244453,-0.0978945162564817,-0.09446008361801819,0.08710832048344566,0.026239719751253457,0.7042676935654509,0.6721898723575058,0.0177006,0.0176976,0.008539119751253451,0.008599372323004001,-0.67389,0.20461,0.4469,0.4469,0.11543401831681788,0.12333193028381123,0.0,1.0,4.893621799998073,0.0014837000016996171,,,0.009488399999099784,4.878307099999802,,0.0,
47,lhs,1,0.026742366894182436,0.470444694342243,0.8716409800198893,0.4851523909817308,0.0756709035971597,0.5273737286252378,0.023855691540161518,0.8971383051042217,0.3729067266421383,0.5125071626073592,0.15762438255707692,0.11589088975540354,0.005474745725047553,-0.0952288616919677,0.07942766102084434,0.027089840532367907,0.7198930156317774,0.71303915785054,0.01833568161737079,,0.008754158914997125,,-0.6882479271151836,0.21109416092603697,0.4513198105550422,0.4513198105550422,0.09716226145971545,0.1498853192927726,0.0,0.0,0.16324299999905634,0.1192391000004136,0.03628659999958472,0.00494799999796669,,,0.9316741163531759,,
47,lhs,2,0.02698605496798369,0.470444694342243,0.8716409800198893,0.4851523909817308,0.0756709035971597,0.5273737286252378,0.023855691540161518,0.8971383051042217,0.3729067266421383,0.5125071626073592,0.15762438255707692,0.11589088975540354,0.005474745725047553,-0.0952288616919677,0.07942766102084434,0.027233080653192434,0.7201282487574682,0.7152593673728652,0.018330040232292268,,0.00890304042090017,,-0.6884884152576679,0.21111228461291148,0.4500000169893847,0.4500000169893847,0.09716226145971545,0.1498853192927726,0.0,0.0,0.06824480000068434,0.0014900999995006714,0.058354199998575496,0.005067500002041925,,,0.9568029470065719,,
47,lhs,3,0.024913801438695718,0.470444694342243,0.8716409800198893,0.4851523909817308,0.0756709035971597,0.5273737286252378,0.023855691540161518,0.8971383051042217,0.3729067266421383,0.5125071626073592,0.15762438255707692,0.11589088975540354,0.005474745725047553,-0.0952288616919677,0.07942766102084434,0.0257042561220494,0.6885109516921282,0.6721898723575058,0.0168728,0.0168701,0.008831456122049398,0.00889373171436246,-0.65885,0.19991,0.4514,0.4514,0.09716226145971545,0.1498853192927726,0.0,1.0,4.872117899998557,0.0014823999990767334,,,0.009409099999174941,4.85686540000097,,0.0,
48,lhs,1,0.026997771651800846,0.2001029306914479,0.855846597771534,0.4255246410511141,0.14779410072084317,0.9731879730444951,0.25010354819959174,0.3259072251215426,0.3080247033659475,0.5066632411754677,0.14808394256817825,0.13103676115137708,0.09463759460889903,-0.049979290360081655,-0.03481855497569149,0.02637897317323255,0.7007341512535062,0.71303915785054,0.01746602896315758,,0.00891294421007497,,-0.6698664657852563,0.20568730818731082,0.44166746335771356,0.44166746335771356,0.11233847441167504,0.1390771095423681,0.0,0.0,0.16476279999915278,0.12062499999956344,0.03594320000047446,0.0053267999974195845,,,0.7883016542742307,,
48,lhs,2,0.02723360725987425,0.2001029306914479,0.855846597771534,0.4255246410511141,0.14779410072084317,0.9731879730444951,0.25010354819959174,0.3259072251215426,0.3080247033659475,0.5066632411754677,0.14808394256817825,0.13103676115137708,0.09463759460889903,-0.049979290360081655,-0.03481855497569149,0.02739778237575754,0.7184970139471465,0.7152593673728652,0.018257968939213005,,0.009139813436544516,,-0.6869246562712132,0.21064775255777482,0.450000048867069,0.450000048867069,0.11233847441167504,0.1390771095423681,0.0,0.0,0.06950439999855007,0.001481300001614727,0.058842899998126086,0.005791800002043601,,,0.8598737292724801,,
48,lhs,3,0.024981942454604323,0.2001029306914479,0.855846597771534,0.4255246410511141,0.14779410072084317,0.9731879730444951,0.25010354819959174,0.3259072251215426,0.3080247033659475,0.5066632411754677,0.14808394256817825,0.13103676115137708,0.09463759460889903,-0.049979290360081655,-0.03481855497569149,0.023862359570037586,0.6481793181674343,0.6721898723575058,0.0148371,0.0148327,0.009025259570037584,0.009134462517198513,-0.62038,0.18779,0.4528,0.4528,0.11233847441167504,0.1390771095423681,0.0,1.0,4.896775599998364,0.0015060999976412859,,,0.009612499998183921,4.88130110000202,,1.0,
