design,kind,level,value,x_0,x_1,x_2,x_3,x_4,x_5,x_6,t_0,t_1,t_2,t_3,s_1,s_2,s_3,CD,Cdi,Cdi_nearfield,Cdprofile,Cy,Cz,cl2d_check_min,cl2d_check_max,delta,thickness,n_clamped,n_clamped_total,time_s,time_geometry_s,time_setup_s,time_solve_s,time_polar_s,time_avl_s,nf_confidence_min,xfoil_filled_points,error
0,baseline,1,0.02649679989439002,0.3008674441838622,0.5034478495553196,0.5083617006927206,0.5191025329814932,0.5,0.5,0.5,0.33220818660412693,0.3762757043354683,0.16133787211083528,0.20901153192611358,0.0,0.0,0.0,0.02649679989439002,0.018061751136103338,,0.008435048758286684,-0.6816388370354882,0.2092686758250887,0.4545590846969819,0.4545590846969819,0.1081392513379,0.12250156611570247,0.0,0.0,0.38947879999977886,0.12420609999753651,0.02983230000245385,0.23136149999845657,,,0.8801085529181183,,
0,baseline,2,0.026659688032844426,0.3008674441838622,0.5034478495553196,0.5083617006927206,0.5191025329814932,0.5,0.5,0.5,0.33220818660412693,0.3762757043354683,0.16133787211083528,0.20901153192611358,0.0,0.0,0.0,0.026659688032844426,0.018121719299979928,,0.008537968732864507,-0.683806243251788,0.2097736968345556,0.449999992117197,0.449999992117197,0.1081392513379,0.12250156611570247,0.0,0.0,0.08719539999947301,0.0012098000006517395,0.07533699999839882,0.006183900000905851,,,0.9627896432826518,,
0,baseline,3,0.02459741251987599,0.3008674441838622,0.5034478495553196,0.5083617006927206,0.5191025329814932,0.5,0.5,0.5,0.33220818660412693,0.3762757043354683,0.16133787211083528,0.20901153192611358,0.0,0.0,0.0,0.02459741251987599,0.0160215,0.0160187,0.00857591251987599,-0.64329,0.19498,0.4533,0.4533,0.1081392513379,0.12250156611570247,0.0,1.0,5.055121600002167,0.0009824000007938594,,,0.012941300003149081,5.036318599999504,,0.0,
1,lhs,1,0.02660308351348961,0.3978990920861488,0.5730396050004761,0.5962361007534502,0.6288650193993361,0.5425645140206424,0.5515198755751417,0.3438455817127557,0.35549578210067573,0.40202465385017616,0.17539777612055202,0.2320616540738606,0.008512902804128489,0.010303975115028341,-0.03123088365744886,0.02660308351348961,0.0181614747009286,,0.008441608812561003,-0.6838007762731132,0.20988844603098328,0.4546094246110586,0.4546094246110586,0.11601922141048664,0.13117205392122447,0.0,0.0,0.17120219999924302,0.12379470000087167,0.03851129999748082,0.006001100002322346,,,0.8655343087521674,,
1,lhs,2,0.02689442330059784,0.3978990920861488,0.5730396050004761,0.5962361007534502,0.6288650193993361,0.5425645140206424,0.5515198755751417,0.3438455817127557,0.35549578210067573,0.40202465385017616,0.17539777612055202,0.2320616540738606,0.008512902804128489,0.010303975115028341,-0.03123088365744886,0.02689442330059784,0.018117156626102887,,0.00877726667449495,-0.6837414464355015,0.209745703170867,0.450000053775497,0.450000053775497,0.11601922141048664,0.13117205392122447,0.0,0.0,0.07038500000271597,0.000838700001622783,0.060420199999498436,0.005600899999990361,,,0.9641647142940392,,
1,lhs,3,0.024361052830872604,0.3978990920861488,0.5730396050004761,0.5962361007534502,0.6288650193993361,0.5425645140206424,0.5515198755751417,0.3438455817127557,0.35549578210067573,0.40202465385017616,0.17539777612055202,0.2320616540738606,0.008512902804128489,0.010303975115028341,-0.03123088365744886,0.024361052830872604,0.01557,0.0155668,0.008791052830872604,-0.63476,0.19229,0.4545,0.4545,0.11601922141048664,0.13117205392122447,0.0,1.0,6.883137400000123,0.0008238999980676454,,,2.048912100002781,4.82890899999984,,0.0,
2,lhs,1,0.026779777797203027,0.8365051616819134,0.2007020141448538,0.039518979048223574,0.011357240142616212,0.470900134861691,0.3355662623710042,0.941335924965717,0.4607612388036592,0.2642597452335959,0.08632303664771578,0.10238502042994942,-0.005819973027661796,-0.03288674752579916,0.08826718499314343,0.026779777797203027,0.018100918349839346,,0.008678859447363681,-0.6835564026742398,0.20968680220482114,0.44867271127960207,0.44867271127960207,0.08052404688086502,0.12472269940818904,0.0,0.0,0.1682022999993933,0.12394169999970472,0.03586840000207303,0.005480399999214569,,,0.9573585291082947,,
2,lhs,2,0.026694602771092455,0.8365051616819134,0.2007020141448538,0.039518979048223574,0.011357240142616212,0.470900134861691,0.3355662623710042,0.941335924965717,0.4607612388036592,0.2642597452335959,0.08632303664771578,0.10238502042994942,-0.005819973027661796,-0.03288674752579916,0.08826718499314343,0.026694602771092455,0.018171925910642785,,0.008522676860449677,-0.6850362869837573,0.21011461065884549,0.4500000282461311,0.4500000282461311,0.08052404688086502,0.12472269940818904,0.0,0.0,0.06910299999799463,0.0008209000006900169,0.05985300000247662,0.005067499998403946,,,0.9151303395547054,,
2,lhs,3,0.025229840985467163,0.8365051616819134,0.2007020141448538,0.039518979048223574,0.011357240142616212,0.470900134861691,0.3355662623710042,0.941335924965717,0.4607612388036592,0.2642597452335959,0.08632303664771578,0.10238502042994942,-0.005819973027661796,-0.03288674752579916,0.08826718499314343,0.025229840985467163,0.0168694,0.0168671,0.008360440985467165,-0.65849,0.19985,0.4491,0.4491,0.08052404688086502,0.12472269940818904,0.0,1.0,10.319911799997499,0.0007942000011098571,,,5.529625099999976,4.785160700001143,,0.0,
3,lhs,1,0.027059814209685302,0.8777477803728374,0.8282949621095951,0.9575845401773619,0.735538081822112,0.14569394628607893,0.03201744043196107,0.9982975587127083,0.47065946728948094,0.4964691359805502,0.2332135264283779,0.25446299718264354,-0.07086121074278422,-0.0935965119136078,0.09965951174254167,0.027059814209685302,0.01764825473450818,,0.009411559475177132,-0.6751688407989771,0.20706108489575104,0.4342134057604796,0.4342134057604796,0.10715447096271907,0.16738410223153316,0.0,0.0,0.1670957999995153,0.12136459999965155,0.037899800001468975,0.00509059999967576,,,0.9490688956094997,,
3,lhs,2,0.027460531913432507,0.8777477803728374,0.8282949621095951,0.9575845401773619,0.735538081822112,0.14569394628607893,0.03201744043196107,0.9982975587127083,0.47065946728948094,0.4964691359805502,0.2332135264283779,0.25446299718264354,-0.07086121074278422,-0.0935965119136078,0.09965951174254167,0.027460531913432507,0.01817635386807527,,0.009284178045357232,-0.6850223919926391,0.2101255404841975,0.44999999089123777,0.44999999089123777,0.10715447096271907,0.16738410223153316,0.0,0.0,0.06841530000019702,0.0008118999976431951,0.05923629999961122,0.005051000000094064,,,0.9610709339245779,,
3,lhs,3,0.027364950058627636,0.8777477803728374,0.8282949621095951,0.9575845401773619,0.735538081822112,0.14569394628607893,0.03201744043196107,0.9982975587127083,0.47065946728948094,0.4964691359805502,0.2332135264283779,0.25446299718264354,-0.07086121074278422,-0.0935965119136078,0.09965951174254167,0.027364950058627636,0.0180723,0.0180694,0.009292650058627635,-0.68087,0.20674,0.4464,0.4464,0.10715447096271907,0.16738410223153316,0.0,1.0,7.216621900002792,0.0008215000016207341,,,2.418654699999024,4.792699500001618,,0.0,
4,lhs,1,0.027566968315269,0.9845928758508382,0.6723774466733656,0.9663588814529772,0.09612686743730788,0.007792642516428567,0.9540509226664667,0.5240253808646574,0.49630229020420114,0.4387796552691453,0.23461742103247635,0.12018664216183467,-0.0984414714967143,0.09081018453329334,0.004805076172931494,0.027566968315269,0.018390800239811177,,0.009176168075457838,-0.6898119458356942,0.21149537673258562,0.4494156496728068,0.4494156496728068,0.09920642515241096,0.16162022128280376,0.0,0.0,0.16565219999756664,0.12060449999989942,0.03734370000165654,0.00491880000117817,,,0.9545839405622574,,
4,lhs,2,0.027514267782201215,0.9845928758508382,0.6723774466733656,0.9663588814529772,0.09612686743730788,0.007792642516428567,0.9540509226664667,0.5240253808646574,0.49630229020420114,0.4387796552691453,0.23461742103247635,0.12018664216183467,-0.0984414714967143,0.09081018453329334,0.004805076172931494,0.027514267782201215,0.01830000674070224,,0.009214261041498976,-0.6877602982976728,0.21091022563919246,0.449999927663525,0.449999927663525,0.09920642515241096,0.16162022128280376,0.0,0.0,0.07041649999882793,0.0007948999991640449,0.06096199999956298,0.005264200000965502,,,0.9362060643224996,,
4,lhs,3,0.024732038730592976,0.9845928758508382,0.6723774466733656,0.9663588814529772,0.09612686743730788,0.007792642516428567,0.9540509226664667,0.5240253808646574,0.49630229020420114,0.4387796552691453,0.23461742103247635,0.12018664216183467,-0.0984414714967143,0.09081018453329334,0.004805076172931494,0.024732038730592976,0.01571,0.0157076,0.009022038730592978,-0.63624,0.19298,0.4478,0.4478,0.09920642515241096,0.16162022128280376,0.0,1.0,7.645333299999038,0.0008335999991686549,,,2.608513099999982,5.031350799999927,,0.0,
5,lhs,1,0.027027955041300834,0.07948667622966162,0.9610056026980263,0.30319048900791196,0.41892204071903527,0.0031241250623338366,0.16838521444784596,0.9821288368970595,0.2790768022951188,0.5455720729982698,0.1285104782412659,0.18797362855099742,-0.09937517498753323,-0.06632295711043082,0.09642576737941191,0.027027955041300834,0.017906136272090728,,0.009121818769210097,-0.6784716768125562,0.20832717235735834,0.45290371195041723,0.45290371195041723,0.10719801973226106,0.14082189524305924,0.0,0.0,0.19116310000026715,0.1425435999990441,0.03991359999781707,0.005522700001165504,,,0.8348221704646341,,
5,lhs,2,0.02690720229669432,0.07948667622966162,0.9610056026980263,0.30319048900791196,0.41892204071903527,0.0031241250623338366,0.16838521444784596,0.9821288368970595,0.2790768022951188,0.5455720729982698,0.1285104782412659,0.18797362855099742,-0.09937517498753323,-0.06632295711043082,0.09642576737941191,0.02690720229669432,0.018152425812097174,,0.008754776484597144,-0.6839524771381833,0.20992140985042604,0.45000002319449844,0.45000002319449844,0.10719801973226106,0.14082189524305924,0.0,0.0,0.07339620000129798,0.0008711999980732799,0.06324799999856623,0.005490000003192108,,,0.7542585314672406,,
5,lhs,3,0.02690344627583234,0.07948667622966162,0.9610056026980263,0.30319048900791196,0.41892204071903527,0.0031241250623338366,0.16838521444784596,0.9821288368970595,0.2790768022951188,0.5455720729982698,0.1285104782412659,0.18797362855099742,-0.09937517498753323,-0.06632295711043082,0.09642576737941191,0.02690344627583234,0.0180666,0.0180637,0.008836846275832342,-0.68059,0.20669,0.4509,0.4509,0.10719801973226106,0.14082189524305924,0.0,1.0,7.493614600000001,0.0009074000008695293,,,2.473595399998885,5.013952599998447,,0.0,
6,lhs,1,0.026981196542301956,0.6902960508606113,0.42894530920181295,0.770633883993217,0.08218879818673439,0.9581493305250228,0.9910507849393959,0.9915334934116706,0.4256710522065467,0.34870976440467083,0.2033014214389147,0.11725964761921423,0.09162986610500456,0.09821015698787919,0.09830669868233413,0.026981196542301956,0.018051647506918678,,0.00892954903538329,-0.6827764071993381,0.20942126457367918,0.4458937740902811,0.4458937740902811,0.025700021384907484,0.13460964506894912,0.0,0.0,0.1771186999976635,0.12723580000238144,0.04063549999773386,0.0059338999999454245,,,0.9695211041026932,,
6,lhs,2,0.02698115360108362,0.6902960508606113,0.42894530920181295,0.770633883993217,0.08218879818673439,0.9581493305250228,0.9910507849393959,0.9915334934116706,0.4256710522065467,0.34870976440467083,0.2033014214389147,0.11725964761921423,0.09162986610500456,0.09821015698787919,0.09830669868233413,0.02698115360108362,0.018237058051827362,,0.008744095549256259,-0.6864685622541068,0.21052350869432798,0.4500000195203001,0.4500000195203001,0.025700021384907484,0.13460964506894912,0.0,0.0,0.0795073000008415,0.0009000000027299393,0.06879699999990407,0.005983099999866681,,,0.9394320724718149,,
6,lhs,3,0.024918116608253472,0.6902960508606113,0.42894530920181295,0.770633883993217,0.08218879818673439,0.9581493305250228,0.9910507849393959,0.9915334934116706,0.4256710522065467,0.34870976440467083,0.2033014214389147,0.11725964761921423,0.09162986610500456,0.09821015698787919,0.09830669868233413,0.024918116608253472,0.0162868,0.0162843,0.00863131660825347,-0.64744,0.19645,0.4537,0.4537,0.025700021384907484,0.13460964506894912,0.0,1.0,7.256334399997286,0.0009845999993558507,,,2.1608603999993647,5.089145100002497,,0.0,
7,lhs,1,0.02627813725830881,0.9392101351901889,0.18744669889991808,0.9786686864107985,0.8845992288055401,0.9976581442054443,0.006472770853438553,0.5082619136900688,0.4854104324456453,0.2593552785929697,0.23658698982572773,0.28576583804916345,0.09953162884108888,-0.09870544582931229,0.0016523827380137551,0.02627813725830881,0.017680527038794296,,0.00859761021951452,-0.6753334185869319,0.20716974014848752,0.4393652143176562,0.4393652143176562,0.1132879061301813,0.13390283093911992,0.0,0.0,0.1743045000002894,0.12501950000296347,0.03969489999872167,0.005938300000707386,,,0.9013063550009246,,
7,lhs,2,0.027139160654579345,0.9392101351901889,0.18744669889991808,0.9786686864107985,0.8845992288055401,0.9976581442054443,0.006472770853438553,0.5082619136900688,0.4854104324456453,0.2593552785929697,0.23658698982572773,0.28576583804916345,0.09953162884108888,-0.09870544582931229,0.0016523827380137551,0.027139160654579345,0.01813657297783013,,0.009002587676749206,-0.6841616516523804,0.20986786963761475,0.45000003017716705,0.45000003017716705,0.1132879061301813,0.13390283093911992,0.0,0.0,0.08324020000145538,0.0012512000030255876,0.07063489999927697,0.006737100000464125,,,0.9597830950897811,,
7,lhs,3,0.02499420708045787,0.9392101351901889,0.18744669889991808,0.9786686864107985,0.8845992288055401,0.9976581442054443,0.006472770853438553,0.5082619136900688,0.4854104324456453,0.2593552785929697,0.23658698982572773,0.28576583804916345,0.09953162884108888,-0.09870544582931229,0.0016523827380137551,0.02499420708045787,0.0159914,0.015987,0.009002807080457871,-0.6434,0.19488,0.4535,0.4535,0.1132879061301813,0.13390283093911992,0.0,1.0,7.945863000000827,0.001015899997582892,,,2.9957155999982206,4.943944899998314,,0.0,
8,lhs,1,0.02678400632191112,0.9915290341894331,0.7258876817925748,0.01502506127359181,0.6251989418795497,0.18858482746146019,0.0021093813766003507,0.46044582076029383,0.49796696820546393,0.45857844226325273,0.08240400980377469,0.23129177779470544,-0.06228303450770797,-0.09957812372467993,-0.007910835847941236,0.02678400632191112,0.017988345554840662,,0.008795660767070465,-0.6820751584588312,0.20912676762883256,0.4400828925176228,0.4400828925176228,0.14581852656144656,0.158571941420188,0.0,0.0,0.18962370000008377,0.1428315000011935,0.037290499996743165,0.006124400002590846,,,0.9040809311468637,,
8,lhs,2,0.027390844605846443,0.9915290341894331,0.7258876817925748,0.01502506127359181,0.6251989418795497,0.18858482746146019,0.0021093813766003507,0.46044582076029383,0.49796696820546393,0.45857844226325273,0.08240400980377469,0.23129177779470544,-0.06228303450770797,-0.09957812372467993,-0.007910835847941236,0.027390844605846443,0.018299552211843217,,0.009091292394003235,-0.6876879743517276,0.21089940367422277,0.449999988265771,0.449999988265771,0.14581852656144656,0.158571941420188,0.0,0.0,0.07591769999999087,0.0009205000023939647,0.06530729999940377,0.005860900000698166,,,0.9404467415602894,,
8,lhs,3,0.025197681607388462,0.9915290341894331,0.7258876817925748,0.01502506127359181,0.6251989418795497,0.18858482746146019,0.0021093813766003507,0.46044582076029383,0.49796696820546393,0.45857844226325273,0.08240400980377469,0.23129177779470544,-0.06228303450770797,-0.09957812372467993,-0.007910835847941236,0.025197681607388462,0.016133,0.0161298,0.00906468160738846,-0.64534,0.19562,0.4497,0.4497,0.14581852656144656,0.158571941420188,0.0,1.0,7.390437599999132,0.001004600002488587,,,2.38910179999948,4.995443899999373,,0.0,
9,lhs,1,0.027129736099316296,0.0017600098079572604,0.9581923413954972,0.269606019806809,0.011008702946436624,0.1354127872289386,0.790363801634131,0.065393476240774,0.26042240235390973,0.544531166316334,0.12313696316908943,0.1023118276187517,-0.07291744255421229,0.058072760326826206,-0.0869213047518452,0.027129736099316296,0.016620783248409154,,0.01050895285090715,-0.6502556683355517,0.20004841238894594,0.4474770990421144,0.4474770990421144,0.14212884725844446,0.13692367889162346,0.0,0.0,0.20774469999741996,0.15938090000054217,0.038751500000216765,0.006409999998140847,,,0.1298780423209411,,
9,lhs,2,0.02822473043127572,0.0017600098079572604,0.9581923413954972,0.269606019806809,0.011008702946436624,0.1354127872289386,0.790363801634131,0.065393476240774,0.26042240235390973,0.544531166316334,0.12313696316908943,0.1023118276187517,-0.07291744255421229,0.058072760326826206,-0.0869213047518452,0.02822473043127572,0.018814496176907145,,0.009410234254368582,-0.6952862742742819,0.21325824551742445,0.44999999298067483,0.44999999298067483,0.14212884725844446,0.13692367889162346,0.0,0.0,0.07842679999885149,0.000948900000366848,0.06496490000063204,0.008667899997817585,,,0.03790807905290318,,
9,lhs,3,,0.0017600098079572604,0.9581923413954972,0.269606019806809,0.011008702946436624,0.1354127872289386,0.790363801634131,0.065393476240774,0.26042240235390973,0.544531166316334,0.12313696316908943,0.1023118276187517,-0.07291744255421229,0.058072760326826206,-0.0869213047518452,,,,,,,,,0.14212884725844446,0.13692367889162346,,,10.159127799997805,0.0009872000009636395,,,,,,,"AVL x XFOIL failed: XFOIL polar(s) failed:
sec_f4a96a4cb0: XFOIL gave no converged point for sec_f4a96a4cb0 (npane 250: 0/37; npane 260: 0/37; npane 265: 0/37); stdout tail: '  136  2   RLX: 0.031\r\n       a = -4.500      CL =-15.5148\r\n      Cm =  3.8743     CD =  0.00626   =>   CDf =  0.04692    CDp = -0.04065\r\n\r\n Side 1 forced transition at x/c =  0.1000   16\r\n Side 2  free  transition at x/c =  0.0012    6\r\n\r\n 105   rms: 0.3923E+01   max: -.3130E+01   U at  136  2   RLX: 0.032\r\n       a = -4.500      CL =-14.7327\r\n      Cm =  3.6702     CD =  0.00628   =>   CDf =  0.04496    CDp = -0.03868\r\n VISCAL:  Convergence failed\r\n\r\n Sequence halted since previous  4 points did not converge\r\n Last-converged  alpha =   0.000    CL =   0.00000\r\n\r\n.OPERva   c>  \r\n XFOIL   c>  '"
10,lhs,1,0.02665095903772332,0.7968435037887245,0.5134154282425831,0.2217787980854948,0.06620884698675318,0.9817006017112724,0.9577387878470661,0.02444796089233606,0.4512424409092939,0.3799637084497558,0.11548460769367916,0.11390385786721817,0.09634012034225448,0.09154775756941322,-0.0951104078215328,0.02665095903772332,0.01820448945814313,,0.00844646957958019,-0.6864766800611105,0.21043024522059095,0.44314421380479274,0.44314421380479274,0.10061755847900572,0.13983628368907927,0.0,0.0,0.17098230000192416,0.12024170000222512,0.03946480000013253,0.008234099997935118,,,0.8984373668662892,,
10,lhs,2,0.027542107531115596,0.7968435037887245,0.5134154282425831,0.2217787980854948,0.06620884698675318,0.9817006017112724,0.9577387878470661,0.02444796089233606,0.4512424409092939,0.3799637084497558,0.11548460769367916,0.11390385786721817,0.09634012034225448,0.09154775756941322,-0.0951104078215328,0.027542107531115596,0.0182836566397383,,0.009258450891377305,-0.6875209461647734,0.21081598333832652,0.4499999922393973,0.4499999922393973,0.10061755847900572,0.13983628368907927,0.0,0.0,0.07229970000116737,0.0009872000009636395,0.06194580000010319,0.005335499998182058,,,0.9588415585055107,,
10,lhs,3,0.02295323808651681,0.7968435037887245,0.5134154282425831,0.2217787980854948,0.06620884698675318,0.9817006017112724,0.9577387878470661,0.02444796089233606,0.4512424409092939,0.3799637084497558,0.11548460769367916,0.11390385786721817,0.09634012034225448,0.09154775756941322,-0.0951104078215328,0.02295323808651681,0.0138718,0.0138666,0.009081438086516807,-0.60074,0.18168,0.4539,0.4539,0.10061755847900572,0.13983628368907927,0.0,1.0,11.289519800000562,0.0008811000006971881,,,6.38680750000276,4.897116199997981,,0.0,
11,lhs,1,0.026377377132066643,0.27900700855723504,0.8178887088874832,0.05162689199257653,0.742536148817896,0.9847919038501156,0.17443300690308086,0.9158909062292171,0.32696168205373644,0.49261882228836884,0.08826030271881224,0.25593259125175816,0.09695838077002314,-0.06511339861938384,0.08317818124584342,0.026377377132066643,0.017943498432292218,,0.008433878699774433,-0.6800435774468675,0.20867695334092246,0.44682793324571524,0.44682793324571524,0.07307363815971887,0.13669196443695047,0.0,0.0,0.1719413999999233,0.1258159999997588,0.03696150000178022,0.0061097999969206285,,,0.9094048587784397,,
11,lhs,2,0.027038076082433717,0.27900700855723504,0.8178887088874832,0.05162689199257653,0.742536148817896,0.9847919038501156,0.17443300690308086,0.9158909062292171,0.32696168205373644,0.49261882228836884,0.08826030271881224,0.25593259125175816,0.09695838077002314,-0.06511339861938384,0.08317818124584342,0.027038076082433717,0.018138127919912327,,0.008899948162521376,-0.6841071525883399,0.20986917545871459,0.44999999317703293,0.44999999317703293,0.07307363815971887,0.13669196443695047,0.0,0.0,0.07192370000120718,0.0008687999979883898,0.06199630000264733,0.005441199999040691,,,0.959628054241898,,
11,lhs,3,0.025679625443950783,0.27900700855723504,0.8178887088874832,0.05162689199257653,0.742536148817896,0.9847919038501156,0.17443300690308086,0.9158909062292171,0.32696168205373644,0.49261882228836884,0.08826030271881224,0.25593259125175816,0.09695838077002314,-0.06511339861938384,0.08317818124584342,0.025679625443950783,0.0168383,0.0168354,0.008841325443950781,-0.65871,0.19978,0.4541,0.4541,0.07307363815971887,0.13669196443695047,0.0,1.0,7.3690889999998035,0.0009649999992689118,,,2.3547552000018186,5.0085868999995,,0.0,
12,lhs,1,0.026912577040082295,0.7869467118479443,0.8588950744760371,0.11156431444396502,0.9171682843075871,0.49332502716545645,0.999340327202604,0.8796473941455686,0.44886721084350667,0.5077911775561338,0.0978502903110344,0.2926053397045933,-0.0013349945669087065,0.09986806544052082,0.07592947882911372,0.026912577040082295,0.01789148630376349,,0.009021090736318804,-0.6794585071748638,0.20843660428645178,0.44323552955289847,0.44323552955289847,0.054442987113094636,0.15876189969399007,0.0,0.0,0.18831260000297334,0.14092119999986608,0.03869680000207154,0.005564999999478459,,,0.9541744894943842,,
12,lhs,2,0.02728540493848898,0.7869467118479443,0.8588950744760371,0.11156431444396502,0.9171682843075871,0.49332502716545645,0.999340327202604,0.8796473941455686,0.44886721084350667,0.5077911775561338,0.0978502903110344,0.2926053397045933,-0.0013349945669087065,0.09986806544052082,0.07592947882911372,0.02728540493848898,0.018123532704461705,,0.00916187223402728,-0.6838509842831676,0.20979045651094516,0.4500000002112777,0.4500000002112777,0.054442987113094636,0.15876189969399007,0.0,0.0,0.07352450000325916,0.0008654999983264133,0.06320989999949234,0.005459699998027645,,,0.9409178369750854,,
12,lhs,3,0.025856922581837374,0.7869467118479443,0.8588950744760371,0.11156431444396502,0.9171682843075871,0.49332502716545645,0.999340327202604,0.8796473941455686,0.44886721084350667,0.5077911775561338,0.0978502903110344,0.2926053397045933,-0.0013349945669087065,0.09986806544052082,0.07592947882911372,0.025856922581837374,0.0167773,0.0167749,0.009079622581837378,-0.65683,0.19934,0.4492,0.4492,0.054442987113094636,0.15876189969399007,0.0,1.0,7.251137999999628,0.0009050999979081098,,,2.2398405999992974,5.005601299999398,,0.0,
13,lhs,1,0.02659277843611266,0.9447080995306172,0.020966023902998506,0.7614416591691769,0.9860512594037,0.4214074132140555,0.9989140444479031,0.5230489074594253,0.48672994388734814,0.19775742884410946,0.2018306654670683,0.307070764474777,-0.015718517357188905,0.09978280888958063,0.004609781491885068,0.02659277843611266,0.01783250775732153,,0.008760270678791138,-0.6775221294625939,0.20795490772693667,0.4490000596886419,0.4490000596886419,0.0868561608017304,0.12491934796345894,0.0,0.0,0.1773061999992933,0.128363800002262,0.03964169999744627,0.006068500002584187,,,0.930472291016625,,
13,lhs,2,0.02670847539092847,0.9447080995306172,0.020966023902998506,0.7614416591691769,0.9860512594037,0.4214074132140555,0.9989140444479031,0.5230489074594253,0.48672994388734814,0.19775742884410946,0.2018306654670683,0.307070764474777,-0.015718517357188905,0.09978280888958063,0.004609781491885068,0.02670847539092847,0.017825598475171327,,0.008882876915757145,-0.6772936140614317,0.2078934653964811,0.4500000260584189,0.4500000260584189,0.0868561608017304,0.12491934796345894,0.0,0.0,0.07556570000087959,0.0009772000012162607,0.0641146000016306,0.006450999997468898,,,0.9339113636770539,,
13,lhs,3,0.024945085300651725,0.9447080995306172,0.020966023902998506,0.7614416591691769,0.9860512594037,0.4214074132140555,0.9989140444479031,0.5230489074594253,0.48672994388734814,0.19775742884410946,0.2018306654670683,0.307070764474777,-0.015718517357188905,0.09978280888958063,0.004609781491885068,0.024945085300651725,0.0162133,0.0162106,0.008731785300651725,-0.64684,0.19612,0.4507,0.4507,0.0868561608017304,0.12491934796345894,0.0,1.0,14.140517300002102,0.0009368999999423977,,,9.278926400002092,4.855745499997283,,0.0,
14,lhs,1,0.027203799457832707,0.7331206496936341,0.9221025537002845,0.9757498405600384,0.09031552300945192,0.692325885198562,0.047543115587171766,0.22459191577281704,0.4359489559264722,0.5311779448691053,0.23611997448960614,0.11896625983198492,0.03846517703971239,-0.09049137688256564,-0.055081616845436596,0.027203799457832707,0.01835225785399512,,0.008851541603837585,-0.6889671918217187,0.21124331961676554,0.4484864515175455,0.4484864515175455,0.13987860140541097,0.16702055083811387,0.0,0.0,0.1850826000008965,0.13981549999880372,0.03674540000065463,0.005580499997449806,,,0.8833591557775219,,
14,lhs,2,0.028179028263437458,0.7331206496936341,0.9221025537002845,0.9757498405600384,0.09031552300945192,0.692325885198562,0.047543115587171766,0.22459191577281704,0.4359489559264722,0.5311779448691053,0.23611997448960614,0.11896625983198492,0.03846517703971239,-0.09049137688256564,-0.055081616845436596,0.028179028263437458,0.018529595498626455,,0.009649432764811006,-0.6926729126768957,0.21233017490935063,0.4499999940875413,0.4499999940875413,0.13987860140541097,0.16702055083811387,0.0,0.0,0.07055680000121356,0.0008398999998462386,0.06010040000182926,0.0061370999974315055,,,0.9652039777197914,,
14,lhs,3,0.024315757731379936,0.7331206496936341,0.9221025537002845,0.9757498405600384,0.09031552300945192,0.692325885198562,0.047543115587171766,0.22459191577281704,0.4359489559264722,0.5311779448691053,0.23611997448960614,0.11896625983198492,0.03846517703971239,-0.09049137688256564,-0.055081616845436596,0.024315757731379936,0.0147591,0.0147547,0.009556657731379934,-0.61878,0.1873,0.4551,0.4551,0.13987860140541097,0.16702055083811387,0.0,1.0,7.268084200000885,0.0008342000000993721,,,2.395430500000657,4.867379899998923,,0.0,
15,lhs,1,0.026347074008483636,0.09091813149877644,0.706143684381121,0.0043825371497007845,0.9766856099471628,0.07311750007331329,0.9517215856491626,0.393569265227371,0.28182035155970636,0.4512731632210148,0.08070120594395212,0.3051039780889042,-0.08537649998533735,0.09034431712983254,-0.021286146954525798,0.026347074008483636,0.01747398214176915,,0.008873091866714483,-0.6688127836685902,0.2055401122569223,0.4518336050176288,0.4518336050176288,0.11237579690874504,0.12325358055161312,0.0,0.0,0.16218900000239955,0.11857039999813423,0.03587159999733558,0.004963900002621813,,,0.7939281448505152,,
15,lhs,2,0.026608323791267964,0.09091813149877644,0.706143684381121,0.0043825371497007845,0.9766856099471628,0.07311750007331329,0.9517215856491626,0.393569265227371,0.28182035155970636,0.4512731632210148,0.08070120594395212,0.3051039780889042,-0.08537649998533735,0.09034431712983254,-0.021286146954525798,0.026608323791267964,0.017948000034227706,,0.008660323757040254,-0.6794272959512567,0.2086033370928208,0.4499999898718595,0.4499999898718595,0.11237579690874504,0.12325358055161312,0.0,0.0,0.06941069999811589,0.0008223999975598417,0.059426000003441004,0.0058039999967149924,,,0.39574902721679894,,
15,lhs,3,0.024933044426079257,0.09091813149877644,0.706143684381121,0.0043825371497007845,0.9766856099471628,0.07311750007331329,0.9517215856491626,0.393569265227371,0.28182035155970636,0.4512731632210148,0.08070120594395212,0.3051039780889042,-0.08537649998533735,0.09034431712983254,-0.021286146954525798,0.024933044426079257,0.0161472,0.0161445,0.008785844426079258,-0.6455,0.19572,0.4503,0.4503,0.11237579690874504,0.12325358055161312,0.0,1.0,7.128741799999261,0.0008363999986613635,,,2.1976801000018895,4.925408099999913,,0.0,
16,lhs,1,0.026699398853127967,0.9186708507297046,0.07740149112120234,0.9926662976401713,0.32903986328450985,0.2622117357833869,0.26614510567086785,0.5465250218435294,0.48048100417512907,0.21863855171484486,0.2388266076224274,0.16909837128974708,-0.04755765284332262,-0.04677097886582643,0.009305004368705877,0.026699398853127967,0.018003548906037732,,0.008695849947090245,-0.6817927136369859,0.20912616727757194,0.44507994553338803,0.44507994553338803,0.12410342346740957,0.12720596355585806,0.0,0.0,0.18858530000215978,0.14098530000046594,0.03839549999975134,0.006130899997515371,,,0.9278534752631659,,
16,lhs,2,0.02684104320251828,0.9186708507297046,0.07740149112120234,0.9926662976401713,0.32903986328450985,0.2622117357833869,0.26614510567086785,0.5465250218435294,0.48048100417512907,0.21863855171484486,0.2388266076224274,0.16909837128974708,-0.04755765284332262,-0.04677097886582643,0.009305004368705877,0.02684104320251828,0.01814483027105065,,0.008696212931467634,-0.6843780100289791,0.20993271211498923,0.4500000003759782,0.4500000003759782,0.12410342346740957,0.12720596355585806,0.0,0.0,0.08310319999873172,0.0008627999995951541,0.0715066000011575,0.006858100001409184,,,0.9383541494763132,,
16,lhs,3,0.02483063261516639,0.9186708507297046,0.07740149112120234,0.9926662976401713,0.32903986328450985,0.2622117357833869,0.26614510567086785,0.5465250218435294,0.48048100417512907,0.21863855171484486,0.2388266076224274,0.16909837128974708,-0.04755765284332262,-0.04677097886582643,0.009305004368705877,0.02483063261516639,0.0162785,0.0162757,0.008552132615166385,-0.64798,0.19648,0.4503,0.4503,0.12410342346740957,0.12720596355585806,0.0,1.0,7.449545099996612,0.0010261000024911482,,,2.435148399999889,5.008366700003535,,0.0,
17,lhs,1,0.027009940125105898,0.8094040077747425,0.9224639796895087,0.11795446277085007,0.0037737976207456343,0.9611755048694722,0.2929541637149012,0.5627198719813262,0.4542569618659382,0.5313116724851182,0.09887271404333602,0.10079249750035658,0.09223510097389445,-0.04140916725701976,0.012543974396265242,0.027009940125105898,0.018199889113554024,,0.008810051011551868,-0.6865662223634529,0.21043806945518007,0.44210988912352045,0.44210988912352045,0.09084562414890092,0.16233593416690953,0.0,0.0,0.16869690000021365,0.1228835000001709,0.03775300000052084,0.005160900000191759,,,0.9319056524799966,,
17,lhs,2,0.027912895158773723,0.8094040077747425,0.9224639796895087,0.11795446277085007,0.0037737976207456343,0.9611755048694722,0.2929541637149012,0.5627198719813262,0.4542569618659382,0.5313116724851182,0.09887271404333602,0.10079249750035658,0.09223510097389445,-0.04140916725701976,0.012543974396265242,0.027912895158773723,0.018485329948796363,,0.009427565209977352,-0.691825752312041,0.21207306115669888,0.45000002696514085,0.45000002696514085,0.09084562414890092,0.16233593416690953,0.0,0.0,0.07025000000066939,0.0008624999973108061,0.06086690000302042,0.005199799998081289,,,0.9482137734140755,,
17,lhs,3,0.024414751011293853,0.8094040077747425,0.9224639796895087,0.11795446277085007,0.0037737976207456343,0.9611755048694722,0.2929541637149012,0.5627198719813262,0.4542569618659382,0.5313116724851182,0.09887271404333602,0.10079249750035658,0.09223510097389445,-0.04140916725701976,0.012543974396265242,0.024414751011293853,0.0151723,0.0151689,0.009242451011293853,-0.62654,0.18981,0.4532,0.4532,0.09084562414890092,0.16233593416690953,0.0,1.0,7.54363100000046,0.000811400001111906,,,2.716663100000005,4.821736599998985,,0.0,
18,lhs,1,0.02650213102079925,0.9779625962249404,0.15001595152495048,0.0655091638189217,0.7494849655666016,0.92666563861534,0.549328268243822,0.6816025757171361,0.49471102309398574,0.24550590206423167,0.09048146621102747,0.2573918427689863,0.085333127723068,0.009865653648764391,0.03632051514342721,0.02650213102079925,0.017991750267958465,,0.008510380752840793,-0.681160196019531,0.20899196483389657,0.4484182627991955,0.4484182627991955,0.07529460079380502,0.1293340355365159,0.0,0.0,0.16630939999959082,0.1212149999992107,0.03705389999959152,0.0051925000007031485,,,0.9325225095613713,,
18,lhs,2,0.026739928363562208,0.9779625962249404,0.15001595152495048,0.0655091638189217,0.7494849655666016,0.92666563861534,0.549328268243822,0.6816025757171361,0.49471102309398574,0.24550590206423167,0.09048146621102747,0.2573918427689863,0.085333127723068,0.009865653648764391,0.03632051514342721,0.026739928363562208,0.018028767727181892,,0.008711160636380317,-0.6819064033642014,0.2092101814453723,0.44999998540965214,0.44999998540965214,0.07529460079380502,0.1293340355365159,0.0,0.0,0.06861039999785135,0.0008200000011129305,0.05920909999986179,0.005166599999938626,,,0.9441137603573339,,
18,lhs,3,0.024720655861495612,0.9779625962249404,0.15001595152495048,0.0655091638189217,0.7494849655666016,0.92666563861534,0.549328268243822,0.6816025757171361,0.49471102309398574,0.24550590206423167,0.09048146621102747,0.2573918427689863,0.085333127723068,0.009865653648764391,0.03632051514342721,0.024720655861495612,0.0161323,0.0161293,0.008588355861495615,-0.64545,0.19565,0.4509,0.4509,0.07529460079380502,0.1293340355365159,0.0,1.0,10.283801400000812,0.0008828999998513609,,,5.41441180000038,4.863987200002157,,0.0,
19,lhs,1,0.026023398051627133,0.012682643558965728,0.9110124820862289,0.10790006186436317,0.6247360936353251,0.9405518212424192,0.8957695882879549,0.01991634498132739,0.2630438344541518,0.5270746183719047,0.0972640098982981,0.23119457966341828,0.08811036424848384,0.079153917657591,-0.09601673100373453,0.026023398051627133,0.016652598865577566,,0.009370799186049562,-0.6522547389441227,0.20049060399255778,0.4327634798864848,0.4327634798864848,0.1064092684595805,0.13377937463583847,0.0,0.0,0.18120469999848865,0.1365399000023899,0.03568499999892083,0.006217300000571413,,,0.6729398555233823,,
19,lhs,2,0.027575387081374362,0.012682643558965728,0.9110124820862289,0.10790006186436317,0.6247360936353251,0.9405518212424192,0.8957695882879549,0.01991634498132739,0.2630438344541518,0.5270746183719047,0.0972640098982981,0.23119457966341828,0.08811036424848384,0.079153917657591,-0.09601673100373453,0.027575387081374362,0.018109178709757107,,0.00946620837161725,-0.6829485618059052,0.20956349104933888,0.44999998593338475,0.44999998593338475,0.1064092684595805,0.13377937463583847,0.0,0.0,0.0705725000007078,0.000809000001027016,0.060394199997972464,0.005961099999694852,,,0.3162293561738655,,
19,lhs,3,0.023928204348646946,0.012682643558965728,0.9110124820862289,0.10790006186436317,0.6247360936353251,0.9405518212424192,0.8957695882879549,0.01991634498132739,0.2630438344541518,0.5270746183719047,0.0972640098982981,0.23119457966341828,0.08811036424848384,0.079153917657591,-0.09601673100373453,0.023928204348646946,0.0140258,0.0140206,0.009902404348646946,-0.60401,0.18268,0.4538,0.4538,0.1064092684595805,0.13377937463583847,0.0,1.0,7.983899500002735,0.0008937000020523556,,,3.1065464000021166,4.871906599997601,,0.0,
20,lhs,1,0.02787562345388906,0.008048493258398452,0.8451740638188155,0.038531598520528024,0.8480810086823366,0.38488413459481285,0.1608548843140559,0.02966492061973872,0.26193163838201566,0.5027144036129618,0.08616505576328448,0.2780970118232907,-0.023023173081037435,-0.06782902313718883,-0.09406701587605226,0.02787562345388906,0.016372497122249995,,0.011503126331639064,-0.6414442710779275,0.1977989841342633,0.45999087383810244,0.45999087383810244,0.16616058645264678,0.12920990653504924,0.0,0.0,0.1812896000010369,0.1363576000003377,0.03644440000061877,0.005455499998788582,,,0.013764378300711625,,
20,lhs,2,0.0282999545285637,0.008048493258398452,0.8451740638188155,0.038531598520528024,0.8480810086823366,0.38488413459481285,0.1608548843140559,0.02966492061973872,0.26193163838201566,0.5027144036129618,0.08616505576328448,0.2780970118232907,-0.023023173081037435,-0.06782902313718883,-0.09406701587605226,0.0282999545285637,0.01783209192324048,,0.010467862605323225,-0.6731214748283973,0.20682496076661777,0.44999997151704973,0.44999997151704973,0.16616058645264678,0.12920990653504924,0.0,1.0,0.06948959999863291,0.0008310999983223155,0.05876610000268556,0.006624999998166459,,,0.00895047770833504,,
20,lhs,3,,0.008048493258398452,0.8451740638188155,0.038531598520528024,0.8480810086823366,0.38488413459481285,0.1608548843140559,0.02966492061973872,0.26193163838201566,0.5027144036129618,0.08616505576328448,0.2780970118232907,-0.023023173081037435,-0.06782902313718883,-0.09406701587605226,,,,,,,,,0.16616058645264678,0.12920990653504924,,,11.57545349999782,0.0008185000006051268,,,,,,,"AVL x XFOIL failed: XFOIL polar(s) failed:
sec_fd0a4efc17: XFOIL gave no converged point for sec_fd0a4efc17 (npane 250: 0/37; npane 260: 0/37; npane 265: 0/37); stdout tail: '  143  2   RLX: 0.004\r\n       a = -4.500      CL =********\r\n      Cm = 30.2191     CD =  0.00608   =>   CDf =  0.27251    CDp = -0.26643\r\n\r\n Side 1 forced transition at x/c =  0.1000   17\r\n Side 2  free  transition at x/c =  0.0004   18\r\n\r\n 105   rms: 0.1288E+02   max: -.1011E+02   U at  143  2   RLX: 0.004\r\n       a = -4.500      CL =********\r\n      Cm = 29.9896     CD =  0.00608   =>   CDf =  0.27065    CDp = -0.26457\r\n VISCAL:  Convergence failed\r\n\r\n Sequence halted since previous  4 points did not converge\r\n Last-converged  alpha =   0.000    CL =   0.00000\r\n\r\n.OPERva   c>  \r\n XFOIL   c>  '"
21,lhs,1,0.02675505929531249,0.7652969383123628,0.8465904412483637,0.0002579816478533429,0.9776883648858994,0.7998050052424999,0.5331061400472602,0.028765126582339803,0.4436712651949671,0.5032384632618946,0.08004127706365653,0.3053145566260389,0.05996100104849997,0.006621228009452043,-0.09424697468353205,0.02675505929531249,0.01831242829507344,,0.008442631000239046,-0.6873897666649249,0.21087211565919467,0.4534738695534236,0.4534738695534236,0.13015172767500813,0.15639220923547464,0.0,0.0,0.18624430000272696,0.13987840000118013,0.03720499999690219,0.006045600002835272,,,0.8412220267497865,,
21,lhs,2,0.027666412529205858,0.7652969383123628,0.8465904412483637,0.0002579816478533429,0.9776883648858994,0.7998050052424999,0.5331061400472602,0.028765126582339803,0.4436712651949671,0.5032384632618946,0.08004127706365653,0.3053145566260389,0.05996100104849997,0.006621228009452043,-0.09424697468353205,0.027666412529205858,0.018126236562152485,,0.009540175967053376,-0.6839284382057148,0.20978755221654172,0.4499999934608072,0.4499999934608072,0.13015172767500813,0.15639220923547464,0.0,0.0,0.07337809999808087,0.0008608000025560614,0.06312420000176644,0.0058054000000993256,,,0.9634992920851275,,
21,lhs,3,0.023938055508952956,0.7652969383123628,0.8465904412483637,0.0002579816478533429,0.9776883648858994,0.7998050052424999,0.5331061400472602,0.028765126582339803,0.4436712651949671,0.5032384632618946,0.08004127706365653,0.3053145566260389,0.05996100104849997,0.006621228009452043,-0.09424697468353205,0.023938055508952956,0.0144651,0.0144602,0.009472955508952958,-0.61322,0.1855,0.4556,0.4556,0.13015172767500813,0.15639220923547464,0.0,1.0,7.891679100001056,0.0008931999982451089,,,2.9093371000017214,4.97673389999909,,0.0,
22,lhs,1,0.026804568324670406,0.03640193955417757,0.9052870181284707,0.7468606248643782,0.31159501652772525,0.7434156439122361,0.4199227759708151,0.9943404274999428,0.2687364654930026,0.5249561967075342,0.1994976999783005,0.16543495347082232,0.04868312878244724,-0.01601544480583697,0.09886808549998857,0.026804568324670406,0.01802839713971802,,0.008776171184952393,-0.6816482304706133,0.20917160509825145,0.44927656124751414,0.44927656124751414,0.06264705399857819,0.14096104757444053,0.0,0.0,0.1912865000012971,0.14436829999976908,0.037863699999434175,0.006018500000209315,,,0.9339484165205357,,
22,lhs,2,0.02693648777716239,0.03640193955417757,0.9052870181284707,0.7468606248643782,0.31159501652772525,0.7434156439122361,0.4199227759708151,0.9943404274999428,0.2687364654930026,0.5249561967075342,0.1994976999783005,0.16543495347082232,0.04868312878244724,-0.01601544480583697,0.09886808549998857,0.02693648777716239,0.018122749541145365,,0.008813738236017016,-0.6838288543109912,0.209781163198461,0.45000000724992106,0.45000000724992106,0.06264705399857819,0.14096104757444053,0.0,0.0,0.07271330000003218,0.000850600001285784,0.06265480000001844,0.0054882000003999565,,,0.9482213506713166,,
22,lhs,3,0.025681985495770186,0.03640193955417757,0.9052870181284707,0.7468606248643782,0.31159501652772525,0.7434156439122361,0.4199227759708151,0.9943404274999428,0.2687364654930026,0.5249561967075342,0.1994976999783005,0.16543495347082232,0.04868312878244724,-0.01601544480583697,0.09886808549998857,0.025681985495770186,0.0168721,0.0168699,0.008809885495770185,-0.65872,0.1999,0.4519,0.4519,0.06264705399857819,0.14096104757444053,0.0,1.0,10.613382899999124,0.0009540999999444466,,,5.742849999998725,4.86472330000106,,0.0,
23,lhs,1,0.02728595636570639,0.7430385468909102,0.9660515278089603,0.907140726849218,0.7086461917107785,0.1595665963510644,0.9811089404414179,0.032108495726702095,0.43832925125381844,0.5474390652893153,0.22514251629587484,0.24881570025926347,-0.06808668072978713,0.0962217880882836,-0.09357830085465958,0.02728595636570639,0.018417063188140466,,0.008868893177565916,-0.6894768904235518,0.2114946785815359,0.4538990588217662,0.4538990588217662,0.13141238307086833,0.17035122589549478,0.0,0.0,0.18475200000102632,0.138930100001744,0.037311899999622256,0.00549210000099265,,,0.8765205076467067,,
23,lhs,2,0.027852773102513252,0.7430385468909102,0.9660515278089603,0.907140726849218,0.7086461917107785,0.1595665963510644,0.9811089404414179,0.032108495726702095,0.43832925125381844,0.5474390652893153,0.22514251629587484,0.24881570025926347,-0.06808668072978713,0.0962217880882836,-0.09357830085465958,0.027852773102513252,0.01824110560701764,,0.009611667495495602,-0.6860415573528135,0.21045298892240896,0.4499999921679465,0.4499999921679465,0.13141238307086833,0.17035122589549478,0.0,0.0,0.0718763000004401,0.0008461999968858436,0.06167759999880218,0.005715400002372917,,,0.9577450948823355,,
23,lhs,3,0.024119096073682567,0.7430385468909102,0.9660515278089603,0.907140726849218,0.7086461917107785,0.1595665963510644,0.9811089404414179,0.032108495726702095,0.43832925125381844,0.5474390652893153,0.22514251629587484,0.24881570025926347,-0.06808668072978713,0.0962217880882836,-0.09357830085465958,0.024119096073682567,0.0145781,0.0145747,0.009540996073682566,-0.61474,0.18613,0.4533,0.4533,0.13141238307086833,0.17035122589549478,0.0,1.0,7.895253399998182,0.0009404999982507434,,,2.9922623000020394,4.896773399999802,,0.0,
24,lhs,1,0.02714663335838109,0.8448014243093455,0.7907529100397348,0.25408526044797713,0.07761671936723277,0.07691803946086018,0.6254662062093389,0.02279927390639356,0.4627523418342429,0.48257857671470195,0.12065364167167633,0.11629951106711889,-0.08461639210782797,0.025093241241867792,-0.0954401452187213,0.02714663335838109,0.01866442663955712,,0.008482206718823963,-0.6950883407361174,0.21309520516192323,0.45452645429535954,0.45452645429535954,0.1518191084878905,0.1573596080950767,0.0,0.0,0.16837759999907576,0.12117790000047535,0.0384697999979835,0.0055322000007436145,,,0.8742975522469555,,
24,lhs,2,0.0275530090957345,0.8448014243093455,0.7907529100397348,0.25408526044797713,0.07761671936723277,0.07691803946086018,0.6254662062093389,0.02279927390639356,0.4627523418342429,0.48257857671470195,0.12065364167167633,0.11629951106711889,-0.08461639210782797,0.025093241241867792,-0.0954401452187213,0.0275530090957345,0.018450581779642386,,0.009102427316092117,-0.691025257402897,0.21185509513871872,0.44999990736982687,0.44999990736982687,0.1518191084878905,0.1573596080950767,0.0,0.0,0.07448690000092029,0.0008683999985805713,0.06396469999890542,0.005834600000525825,,,0.9407135503402976,,
24,lhs,3,0.02366370072010287,0.8448014243093455,0.7907529100397348,0.25408526044797713,0.07761671936723277,0.07691803946086018,0.6254662062093389,0.02279927390639356,0.4627523418342429,0.48257857671470195,0.12065364167167633,0.11629951106711889,-0.08461639210782797,0.025093241241867792,-0.0954401452187213,0.02366370072010287,0.0146262,0.0146229,0.009037500720102868,-0.61575,0.18643,0.4519,0.4519,0.1518191084878905,0.1573596080950767,0.0,1.0,11.182804000000033,0.0009996999979193788,,,6.291386999997485,4.884941100001015,,0.0,
25,lhs,1,0.027828144347394067,0.23285306698916478,0.9861522437910215,0.05792501328320888,0.06952237918510074,0.26727847696147244,0.018108193471930215,0.2900495412588435,0.31588473607739953,0.554876330202678,0.08926800212531343,0.11459969962887116,-0.04654430460770551,-0.09637836130561396,-0.0419900917482313,0.027828144347394067,0.018127145692184227,,0.009700998655209844,-0.6810410817256103,0.2093481637245274,0.4696259139906622,0.4696259139906622,0.16004120468133431,0.14427593702843813,0.0,0.0,0.22395809999943594,0.1744926999999734,0.04035880000083125,0.005877799998415867,,,0.2977440906532301,,
25,lhs,2,0.028596913233142777,0.23285306698916478,0.9861522437910215,0.05792501328320888,0.06952237918510074,0.26727847696147244,0.018108193471930215,0.2900495412588435,0.31588473607739953,0.554876330202678,0.08926800212531343,0.11459969962887116,-0.04654430460770551,-0.09637836130561396,-0.0419900917482313,0.028596913233142777,0.019210697344005576,,0.009386215889137213,-0.7059421755166823,0.21632175226916575,0.45000001405437406,0.45000001405437406,0.16004120468133431,0.14427593702843813,0.0,0.0,0.07541860000128509,0.0008268000019597821,0.06390390000160551,0.006828699999459786,,,0.1136564694990298,,
25,lhs,3,,0.23285306698916478,0.9861522437910215,0.05792501328320888,0.06952237918510074,0.26727847696147244,0.018108193471930215,0.2900495412588435,0.31588473607739953,0.554876330202678,0.08926800212531343,0.11459969962887116,-0.04654430460770551,-0.09637836130561396,-0.0419900917482313,,,,,,,,,0.16004120468133431,0.14427593702843813,,,14.094240499998705,0.000887700000021141,,,,,,,"AVL x XFOIL failed: XFOIL polar(s) failed:
sec_417b85fe9e: sec_417b85fe9e: polar end gap: 8/37 alphas converged, missing -6, -5.5, -1, -0.5, 0, 0.5, 1, 1.5, 2, 2.5, 3, 3.5, 4, 4.5, 5, 5.5, 6, 6.5, 7, 7.5, 8, 8.5, 9, 9.5, 10, 10.5, 11, 11.5, 12 (npane 250: 0/37; npane 260: 8/37; npane 265: 0/37)"
26,lhs,1,0.02717618578824759,0.9020556117967595,0.9491453242872724,0.8721903650666979,0.5495175589853961,0.9314842154986331,0.5680436530652153,0.7960810617414407,0.4764933468312223,0.5411837699862908,0.21955045841067167,0.21539868738693319,0.08629684309972663,0.01360873061304306,0.05921621234828814,0.02717618578824759,0.017929032442515546,,0.009247153345732048,-0.6807023518055757,0.20873556362546772,0.44022196991159435,0.44022196991159435,0.06253680252219579,0.17444912916150343,0.0,0.0,0.17054379999899538,0.12391500000012456,0.038371599999663886,0.005121599999256432,,,0.9530867852343239,,
26,lhs,2,0.027944338351892417,0.9020556117967595,0.9491453242872724,0.8721903650666979,0.5495175589853961,0.9314842154986331,0.5680436530652153,0.7960810617414407,0.4764933468312223,0.5411837699862908,0.21955045841067167,0.21539868738693319,0.08629684309972663,0.01360873061304306,0.05921621234828814,0.027944338351892417,0.01832858611457585,,0.009615752237316559,-0.6883943235657173,0.21109004327069175,0.4499999613410472,0.4499999613410472,0.06253680252219579,0.17444912916150343,0.0,0.0,0.07705580000038026,0.0009943000004568603,0.06596750000244356,0.006179299998620991,,,0.9499524675661881,,
26,lhs,3,0.025449645503142646,0.9020556117967595,0.9491453242872724,0.8721903650666979,0.5495175589853961,0.9314842154986331,0.5680436530652153,0.7960810617414407,0.4764933468312223,0.5411837699862908,0.21955045841067167,0.21539868738693319,0.08629684309972663,0.01360873061304306,0.05921621234828814,0.025449645503142646,0.0159822,0.0159795,0.009467445503142649,-0.64209,0.19469,0.4535,0.4535,0.06253680252219579,0.17444912916150343,0.0,1.0,7.082678999999189,0.0009037999989232048,,,2.1753368000026967,4.901586899999529,,0.0,
27,lhs,1,0.0264163048515061,0.36445616031570904,0.3945709319116214,0.9523241100320945,0.9129747688676537,0.25204083076546047,0.6283391753099347,0.987415660849807,0.34746947847577014,0.3359912448072999,0.23237185760513512,0.2917247014622073,-0.04959183384690791,0.025667835061986943,0.0974831321699614,0.0264163048515061,0.017527684017225598,,0.00888862083428049,-0.6714790278072919,0.20612350181598302,0.4420032190249822,0.4420032190249822,0.0757406333954622,0.12313703408022894,0.0,0.0,0.1659125000005588,0.12098849999892991,0.036937199998646975,0.004927900001348462,,,0.9455891616284217,,
27,lhs,2,0.02662578258030166,0.36445616031570904,0.3945709319116214,0.9523241100320945,0.9129747688676537,0.25204083076546047,0.6283391753099347,0.987415660849807,0.34746947847577014,0.3359912448072999,0.23237185760513512,0.2917247014622073,-0.04959183384690791,0.025667835061986943,0.0974831321699614,0.02662578258030166,0.01777896249823142,,0.008846820082070234,-0.676145472477723,0.20758470417772623,0.44999998323796264,0.44999998323796264,0.0757406333954622,0.12313703408022894,0.0,0.0,0.06988909999927273,0.0009644999990996439,0.05982749999748194,0.005513700001756661,,,0.9550597219147972,,
27,lhs,3,0.02666364333890662,0.36445616031570904,0.3945709319116214,0.9523241100320945,0.9129747688676537,0.25204083076546047,0.6283391753099347,0.987415660849807,0.34746947847577014,0.3359912448072999,0.23237185760513512,0.2917247014622073,-0.04959183384690791,0.025667835061986943,0.0974831321699614,0.02666364333890662,0.0177984,0.017796,0.008865243338906618,-0.67579,0.2052,0.4468,0.4468,0.0757406333954622,0.12313703408022894,0.0,1.0,21.805281000000832,0.0008298000029753894,,,16.924561400002858,4.875253899997915,,2.0,
28,lhs,1,0.026359699325166765,0.8242860718109339,0.23352609541543884,0.0330136629489421,0.2310846073218819,0.5421896482756724,0.14849191691780067,0.04717631495019833,0.4578286572346242,0.2764046553037124,0.08528218607183073,0.1485277675375952,0.008437929655134485,-0.07030161661643987,-0.09056473700996034,0.026359699325166765,0.01825612087047836,,0.008103578454688416,-0.6870473331107606,0.21066728042413943,0.4475364833010085,0.4475364833010085,0.15753956276195896,0.12579301161871742,0.0,0.0,0.18301340000107302,0.13816299999962212,0.036678399999800604,0.0051228000011178665,,,0.8319035499949404,,
28,lhs,2,0.026838987439131483,0.8242860718109339,0.23352609541543884,0.0330136629489421,0.2310846073218819,0.5421896482756724,0.14849191691780067,0.04717631495019833,0.4578286572346242,0.2764046553037124,0.08528218607183073,0.1485277675375952,0.008437929655134485,-0.07030161661643987,-0.09056473700996034,0.026838987439131483,0.018192275680527618,,0.008646711758603872,-0.6856066790464422,0.21025598597093034,0.4500000083622397,0.4500000083622397,0.15753956276195896,0.12579301161871742,0.0,0.0,0.07691780000095605,0.0008615000006102491,0.06666480000058073,0.005585400002019014,,,0.9456526412540233,,
28,lhs,3,0.02352173880355237,0.8242860718109339,0.23352609541543884,0.0330136629489421,0.2310846073218819,0.5421896482756724,0.14849191691780067,0.04717631495019833,0.4578286572346242,0.2764046553037124,0.08528218607183073,0.1485277675375952,0.008437929655134485,-0.07030161661643987,-0.09056473700996034,0.02352173880355237,0.0148465,0.0148417,0.008675238803552369,-0.62092,0.18789,0.45,0.45,0.15753956276195896,0.12579301161871742,0.0,1.0,7.845968199999334,0.001118500000302447,,,2.8742641000026197,4.965739600000234,,0.0,
29,lhs,1,0.027527139089714953,0.7088321010897038,0.9521999145767233,0.33266836429406127,0.14360270702624278,0.09015583254946695,0.6644684877727144,0.9678250771460282,0.4301197042615289,0.5423139683933876,0.1332269382870498,0.130156568475511,-0.08196883349010661,0.03289369755454288,0.09356501542920564,0.027527139089714953,0.018374546266493853,,0.00915259282322109,-0.6893822449317403,0.21138654857621425,0.44952313645763264,0.44952313645763264,0.07733698953356771,0.1621349113566546,0.0,0.0,0.16575279999960912,0.11970690000089235,0.03756730000168318,0.005551899997954024,,,0.963422366661643,,
29,lhs,2,0.027378137287032842,0.7088321010897038,0.9521999145767233,0.33266836429406127,0.14360270702624278,0.09015583254946695,0.6644684877727144,0.9678250771460282,0.4301197042615289,0.5423139683933876,0.1332269382870498,0.130156568475511,-0.08196883349010661,0.03289369755454288,0.09356501542920564,0.027378137287032842,0.01829102178914714,,0.009087115497885696,-0.6875525202888142,0.21085481044316942,0.45000002803189615,0.45000002803189615,0.07733698953356771,0.1621349113566546,0.0,0.0,0.07179800000085379,0.0008350999996764585,0.06235689999812166,0.005111200000101235,,,0.949454476315893,,
29,lhs,3,0.026160633717930544,0.7088321010897038,0.9521999145767233,0.33266836429406127,0.14360270702624278,0.09015583254946695,0.6644684877727144,0.9678250771460282,0.4301197042615289,0.5423139683933876,0.1332269382870498,0.130156568475511,-0.08196883349010661,0.03289369755454288,0.09356501542920564,0.026160633717930544,0.0171708,0.0171684,0.008989833717930544,-0.66364,0.20153,0.4475,0.4475,0.07733698953356771,0.1621349113566546,0.0,1.0,7.270744100002048,0.0008880999994289596,,,2.3268949999983306,4.938383500000782,,0.0,
30,lhs,1,0.027095723888109744,0.39535310489119324,0.712315946496349,0.888533874277077,0.16875244662836308,0.02836942209578168,0.26091581683791276,0.621388257439636,0.35488474517388635,0.4535569002036492,0.2221654198843323,0.13543801379195625,-0.09432611558084367,-0.04781683663241745,0.024277651487927196,0.027095723888109744,0.018249479640587606,,0.008846244247522127,-0.6857409872503809,0.21045313312439062,0.4555696242628007,0.4555696242628007,0.12741313825816977,0.14173049667670048,0.0,0.0,0.18356320000020787,0.1396907000016654,0.03595510000013746,0.0049992999993264675,,,0.8912928406275725,,
30,lhs,2,0.02700349807234937,0.39535310489119324,0.712315946496349,0.888533874277077,0.16875244662836308,0.02836942209578168,0.26091581683791276,0.621388257439636,0.35488474517388635,0.4535569002036492,0.2221654198843323,0.13543801379195625,-0.09432611558084367,-0.04781683663241745,0.024277651487927196,0.02700349807234937,0.018279433276340157,,0.008724064796009212,-0.687191273380836,0.2107661446106946,0.4500000342009929,0.4500000342009929,0.12741313825816977,0.14173049667670048,0.0,0.0,0.0700299999989511,0.0008608999996795319,0.060279999997874256,0.005169500000192784,,,0.9577582270561191,,
30,lhs,3,0.025417795427308754,0.39535310489119324,0.712315946496349,0.888533874277077,0.16875244662836308,0.02836942209578168,0.26091581683791276,0.621388257439636,0.35488474517388635,0.4535569002036492,0.2221654198843323,0.13543801379195625,-0.09432611558084367,-0.04781683663241745,0.024277651487927196,0.025417795427308754,0.0166457,0.016643,0.008772095427308755,-0.65465,0.1986,0.4506,0.4506,0.12741313825816977,0.14173049667670048,0.0,1.0,15.038055200002418,0.0007955000000947621,,,10.127272499998071,4.9053902000014205,,1.0,
31,lhs,1,0.026762633271944055,0.9343469319176244,0.3222173222749289,0.15674012992519296,0.6878222086511462,0.08143583052250955,0.8223811305637745,0.42610394422838554,0.48424326366022985,0.3092204092417237,0.10507842078803087,0.2444426638167407,-0.08371283389549809,0.06447622611275491,-0.014779211154322888,0.026762633271944055,0.0181577506830636,,0.00860488258888046,-0.6846120926757844,0.21001054188656132,0.449979911272294,0.449979911272294,0.11405256571928786,0.13592804102324885,0.0,0.0,0.17142779999994673,0.12454439999783062,0.038279899999906775,0.005419900000561029,,,0.9233891897208095,,
31,lhs,2,0.026857104242241796,0.9343469319176244,0.3222173222749289,0.15674012992519296,0.6878222086511462,0.08143583052250955,0.8223811305637745,0.42610394422838554,0.48424326366022985,0.3092204092417237,0.10507842078803087,0.2444426638167407,-0.08371283389549809,0.06447622611275491,-0.014779211154322888,0.026857104242241796,0.018047742773161863,,0.008809361469079922,-0.6821947017968769,0.2093102855129726,0.4500000480389178,0.4500000480389178,0.11405256571928786,0.13592804102324885,0.0,0.0,0.07340219999969122,0.0009542000007058959,0.06312780000007479,0.005520300001080614,,,0.9215736959316889,,
31,lhs,3,0.024664605272450825,0.9343469319176244,0.3222173222749289,0.15674012992519296,0.6878222086511462,0.08143583052250955,0.8223811305637745,0.42610394422838554,0.48424326366022985,0.3092204092417237,0.10507842078803087,0.2444426638167407,-0.08371283389549809,0.06447622611275491,-0.014779211154322888,0.024664605272450825,0.0160115,0.0160089,0.008653105272450822,-0.64273,0.19488,0.449,0.449,0.11405256571928786,0.13592804102324885,0.0,1.0,7.301246200000605,0.000889300001290394,,,2.278242500000488,5.017191200000525,,0.0,
32,lhs,1,0.026888280317384286,0.8390885898626016,0.3650745437527544,0.9986132430218159,0.47540681739334445,0.8528202739680334,0.8806582574230403,0.09690182328840063,0.4613812615670244,0.32507758118851915,0.23977811888349054,0.19983543165260234,0.0705640547936067,0.07613165148460807,-0.08061963534231988,0.026888280317384286,0.018327045447832528,,0.008561234869551763,-0.6880622585328953,0.21102578411159667,0.45137016676478003,0.45137016676478003,0.1050118949227365,0.1390660625361349,0.0,0.0,0.17319639999914216,0.12404460000107065,0.0376561999983096,0.008142099999531638,,,0.9054876448073117,,
32,lhs,2,0.027375603451454854,0.8390885898626016,0.3650745437527544,0.9986132430218159,0.47540681739334445,0.8528202739680334,0.8806582574230403,0.09690182328840063,0.4613812615670244,0.32507758118851915,0.23977811888349054,0.19983543165260234,0.0705640547936067,0.07613165148460807,-0.08061963534231988,0.027375603451454854,0.018153991368888366,,0.009221612082566482,-0.6845353766068945,0.2099684169699107,0.44999999835416826,0.44999999835416826,0.1050118949227365,0.1390660625361349,0.0,0.0,0.07371810000040568,0.001030499999615131,0.0630845000014233,0.005392499999288702,,,0.9592847671860352,,
32,lhs,3,0.023426447618988808,0.8390885898626016,0.3650745437527544,0.9986132430218159,0.47540681739334445,0.8528202739680334,0.8806582574230403,0.09690182328840063,0.4613812615670244,0.32507758118851915,0.23977811888349054,0.19983543165260234,0.0705640547936067,0.07613165148460807,-0.08061963534231988,0.023426447618988808,0.0143258,0.0143212,0.00910064761898881,-0.61007,0.18459,0.4554,0.4554,0.1050118949227365,0.1390660625361349,0.0,1.0,7.496377200001007,0.0008731000016268808,,,2.530414100001508,4.960307099998317,,0.0,
33,lhs,1,0.02784675351654826,0.2817125998465025,0.9760933348666315,0.8637486598569849,0.7552047502285058,0.16209348109235566,0.1455414582215987,0.06846982856521173,0.3276110239631606,0.5511545339006537,0.21819978557711756,0.2585929975479862,-0.06758130378152888,-0.07089170835568026,-0.08630603428695766,0.02784675351654826,0.01794755008542139,,0.009899203431126869,-0.676803550941544,0.20814225906347106,0.46832959084101045,0.46832959084101045,0.17391761452453952,0.15537138673122386,0.0,0.0,0.2044560999966052,0.15637100000094506,0.0388686999976926,0.006169000000227243,,,0.21686450580604794,,
33,lhs,2,0.028588621635337333,0.2817125998465025,0.9760933348666315,0.8637486598569849,0.7552047502285058,0.16209348109235566,0.1455414582215987,0.06846982856521173,0.3276110239631606,0.5511545339006537,0.21819978557711756,0.2585929975479862,-0.06758130378152888,-0.07089170835568026,-0.08630603428695766,0.028588621635337333,0.018486499057086114,,0.010102122578251223,-0.689202214088907,0.2114365018377457,0.4500000176944765,0.4500000176944765,0.17391761452453952,0.15537138673122386,0.0,0.0,0.07692339999994147,0.0008539000009477604,0.060855799998535076,0.011654099998850143,,,0.06437849775287406,,
33,lhs,3,,0.2817125998465025,0.9760933348666315,0.8637486598569849,0.7552047502285058,0.16209348109235566,0.1455414582215987,0.06846982856521173,0.3276110239631606,0.5511545339006537,0.21819978557711756,0.2585929975479862,-0.06758130378152888,-0.07089170835568026,-0.08630603428695766,,,,,,,,,0.17391761452453952,0.15537138673122386,,,9.603574299999309,0.0008799000024737325,,,,,,,"AVL x XFOIL failed: XFOIL polar(s) failed:
sec_0d3348417f: XFOIL gave no converged point for sec_0d3348417f (npane 250: 0/37; npane 260: 0/37; npane 265: 0/37); stdout tail: '  136  2   RLX: 0.009\r\n       a = -4.500      CL =-51.8917\r\n      Cm = 12.9959     CD =  0.00589   =>   CDf =  0.12870    CDp = -0.12282\r\n\r\n Side 1 forced transition at x/c =  0.1000   17\r\n Side 2  free  transition at x/c =  0.0009   10\r\n\r\n 105   rms: 0.8031E+01   max: -.6396E+01   U at  136  2   RLX: 0.010\r\n       a = -4.500      CL =-51.0262\r\n      Cm = 12.7747     CD =  0.00589   =>   CDf =  0.12682    CDp = -0.12093\r\n VISCAL:  Convergence failed\r\n\r\n Sequence halted since previous  4 points did not converge\r\n Last-converged  alpha =   0.000    CL =   0.00000\r\n\r\n.OPERva   c>  \r\n XFOIL   c>  '"
34,lhs,1,0.02719376082534505,0.11662103136936883,0.6454813089956014,0.9003055834619922,0.8030517035921866,0.8915058366809272,0.024392021613526167,0.14354375748461495,0.2879890475286485,0.42882808432837255,0.22404889335391875,0.2686408577543592,0.07830116733618545,-0.09512159567729478,-0.07129124850307701,0.02719376082534505,0.017650205488014777,,0.009543555337330279,-0.6709348984529099,0.20635652604580873,0.4601041202838718,0.4601041202838718,0.14707730523446244,0.13010491801876425,0.0,0.0,0.18509369999810588,0.1381485000019893,0.0373617999975977,0.006539900001371279,,,0.3240470039429134,,
34,lhs,2,,0.11662103136936883,0.6454813089956014,0.9003055834619922,0.8030517035921866,0.8915058366809272,0.024392021613526167,0.14354375748461495,0.2879890475286485,0.42882808432837255,0.22404889335391875,0.2686408577543592,0.07830116733618545,-0.09512159567729478,-0.07129124850307701,,,,,,,,,0.14707730523446244,0.13010491801876425,,,0.39794550000078743,0.0009000000027299393,,,,,,,"NPLLT did not converge (max residual 1.23e-03, 200 iterations)"
34,lhs,3,,0.11662103136936883,0.6454813089956014,0.9003055834619922,0.8030517035921866,0.8915058366809272,0.024392021613526167,0.14354375748461495,0.2879890475286485,0.42882808432837255,0.22404889335391875,0.2686408577543592,0.07830116733618545,-0.09512159567729478,-0.07129124850307701,,,,,,,,,0.14707730523446244,0.13010491801876425,,,9.033625799998845,0.0009136000007856637,,,,,,,"AVL x XFOIL failed: XFOIL polar(s) failed:
sec_6ca77a3fc6: XFOIL gave no converged point for sec_6ca77a3fc6 (npane 250: 0/37; npane 260: 0/37; npane 265: 0/37); stdout tail: '  138  2   RLX: 0.000\r\n       a = -4.500      CL =********\r\n      Cm =********     CD =  0.00446   =>   CDf = 40.71006    CDp =-40.70560\r\n\r\n Side 1 forced transition at x/c =  0.1000   15\r\n Side 2  free  transition at x/c =  0.0012    8\r\n\r\n 105   rms: 0.2092E+03   max: -.1697E+03   U at  138  2   RLX: 0.000\r\n       a = -4.500      CL =********\r\n      Cm =********     CD =  0.00446   =>   CDf = 40.70865    CDp =-40.70419\r\n VISCAL:  Convergence failed\r\n\r\n Sequence halted since previous  4 points did not converge\r\n Last-converged  alpha =   0.000    CL =   0.00000\r\n\r\n.OPERva   c>  \r\n XFOIL   c>  '"
35,lhs,1,0.026336680781076628,0.075689050053743,0.8126287868840212,0.8871387020080164,0.200256728350426,0.8373101253061885,0.7537990410200683,0.06525369368209799,0.2781653720128983,0.49067265114708786,0.2219421923212826,0.14205391295358946,0.06746202506123772,0.050759808204013684,-0.08694926126358041,0.026336680781076628,0.016920748727211284,,0.009415932053865352,-0.6582694764613302,0.20224823373105127,0.43407042423419495,0.43407042423419495,0.11239688710408169,0.13776756855019912,0.0,0.0,0.16528370000014547,0.12052160000166623,0.036482299998169765,0.005406399999628775,,,0.7463437221291694,,
35,lhs,2,0.027714565784355417,0.075689050053743,0.8126287868840212,0.8871387020080164,0.200256728350426,0.8373101253061885,0.7537990410200683,0.06525369368209799,0.2781653720128983,0.49067265114708786,0.2219421923212826,0.14205391295358946,0.06746202506123772,0.050759808204013684,-0.08694926126358041,0.027714565784355417,0.018279533252163402,,0.009435032532192012,-0.6868268170720981,0.21066822175568836,0.4499999805529912,0.4499999805529912,0.11239688710408169,0.13776756855019912,0.0,0.0,0.06813490000058664,0.000809499997558305,0.058305700000346405,0.005683700001100078,,,0.2968026671263373,,
35,lhs,3,,0.075689050053743,0.8126287868840212,0.8871387020080164,0.200256728350426,0.8373101253061885,0.7537990410200683,0.06525369368209799,0.2781653720128983,0.49067265114708786,0.2219421923212826,0.14205391295358946,0.06746202506123772,0.050759808204013684,-0.08694926126358041,,,,,,,,,0.11239688710408169,0.13776756855019912,,,15.663904900000489,0.0007952000014483929,,,,,,,"AVL x XFOIL failed: XFOIL polar(s) failed:
sec_d46abec616: sec_d46abec616: polar end gap: 2/37 alphas converged, missing -5, -4.5, -4, -3.5, -3, -2.5, -2, -1.5, -1, -0.5, 0, 0.5, 1, 1.5, 2, 2.5, 3, 3.5, 4, 4.5, 5, 5.5, 6, 6.5, 7, 7.5, 8, 8.5, 9, 9.5, 10, 10.5, 11, 11.5, 12 (npane 250: 0/37; npane 260: 0/37; npane 265: 2/37)"
36,lhs,1,0.026396809417617937,0.3869045392563315,0.598768858213686,0.7243592045052233,0.9852716266190137,0.7083374907261598,0.07038184690486089,0.8652838939067795,0.35285708942151955,0.41154447753906387,0.1958974727208357,0.3069070415899929,0.04166749814523196,-0.08592363061902783,0.07305677878135591,0.026396809417617937,0.017752299380366005,,0.008644510037251934,-0.6760801424280334,0.2075005376794129,0.4441928284736728,0.4441928284736728,0.09533516130802101,0.13421141034105916,0.0,0.0,0.1712214999970456,0.12399229999937234,0.03826439999829745,0.005905199999688193,,,0.9054612200299289,,
36,lhs,2,0.02691155033048577,0.3869045392563315,0.598768858213686,0.7243592045052233,0.9852716266190137,0.7083374907261598,0.07038184690486089,0.8652838939067795,0.35285708942151955,0.41154447753906387,0.1958974727208357,0.3069070415899929,0.04166749814523196,-0.08592363061902783,0.07305677878135591,0.02691155033048577,0.018086815084503396,,0.008824735245982368,-0.6829173751551808,0.20953341236254078,0.44999993085483037,0.44999993085483037,0.09533516130802101,0.13421141034105916,0.0,0.0,0.0776060000025609,0.0009196999999403488,0.06552559999909136,0.00720039999941946,,,0.9641383880570914,,
36,lhs,3,0.026276521530619695,0.3869045392563315,0.598768858213686,0.7243592045052233,0.9852716266190137,0.7083374907261598,0.07038184690486089,0.8652838939067795,0.35285708942151955,0.41154447753906387,0.1958974727208357,0.3069070415899929,0.04166749814523196,-0.08592363061902783,0.07305677878135591,0.026276521530619695,0.0173958,0.0173929,0.008880721530619695,-0.66929,0.20303,0.4534,0.4534,0.09533516130802101,0.13421141034105916,0.0,1.0,7.289598900002602,0.0011061999975936487,,,2.376253700000234,4.907081699999253,,0.0,
37,lhs,1,0.026510751643256197,0.30350145243796206,0.909578920622325,0.43686418428840756,0.8949704457694464,0.9725375770169068,0.9392083794623921,0.6403299212725421,0.3328403485851109,0.5265442006302603,0.1498982694861452,0.28794379361158373,0.09450751540338137,0.08784167589247843,0.028065984254508403,0.026510751643256197,0.01781219541528162,,0.008698556227974576,-0.6775036479666672,0.2078858580877845,0.44236152664869877,0.44236152664869877,0.056693272702349785,0.14736928452653872,0.0,0.0,0.16453679999904125,0.11854199999652337,0.03707660000145552,0.005863599999429425,,,0.9188239411418427,,
37,lhs,2,0.027305584507138096,0.30350145243796206,0.909578920622325,0.43686418428840756,0.8949704457694464,0.9725375770169068,0.9392083794623921,0.6403299212725421,0.3328403485851109,0.5265442006302603,0.1498982694861452,0.28794379361158373,0.09450751540338137,0.08784167589247843,0.028065984254508403,0.027305584507138096,0.018042589150094553,,0.009262995357043544,-0.6817859939664076,0.20921642447116148,0.4499999346032179,0.4499999346032179,0.056693272702349785,0.14736928452653872,0.0,0.0,0.0736642000010761,0.0011032000002160203,0.06364599999869824,0.005145800001628231,,,0.9525058073732934,,
37,lhs,3,0.024836167439181267,0.30350145243796206,0.909578920622325,0.43686418428840756,0.8949704457694464,0.9725375770169068,0.9392083794623921,0.6403299212725421,0.3328403485851109,0.5265442006302603,0.1498982694861452,0.28794379361158373,0.09450751540338137,0.08784167589247843,0.028065984254508403,0.024836167439181267,0.0156893,0.0156862,0.009146867439181267,-0.6367,0.19298,0.4532,0.4532,0.056693272702349785,0.14736928452653872,0.0,1.0,16.22960289999901,0.0008046999973885249,,,11.328652300002432,4.895630200000596,,1.0,
38,lhs,1,0.02589951385452289,0.9202371545628013,0.13138660282570874,0.25437391247594254,0.9464010305047565,0.4144663313514028,0.059769764907396106,0.20780859580688302,0.4808569170950723,0.23861304304551223,0.12069982599615081,0.2987442164059989,-0.017106733729719437,-0.08804604701852078,-0.0584382808386234,0.02589951385452289,0.01757087592223272,,0.008328637932290169,-0.673487814933114,0.20655785359204698,0.4342937887992857,0.4342937887992857,0.15673947632910623,0.12668600703273944,0.0,0.0,0.1704184999980498,0.12303580000298098,0.03890749999845866,0.005497100002685329,,,0.8454469252916743,,
38,lhs,2,0.026701086188667476,0.9202371545628013,0.13138660282570874,0.25437391247594254,0.9464010305047565,0.4144663313514028,0.059769764907396106,0.20780859580688302,0.4808569170950723,0.23861304304551223,0.12069982599615081,0.2987442164059989,-0.017106733729719437,-0.08804604701852078,-0.0584382808386234,0.026701086188667476,0.017976596588310856,,0.008724489600356631,-0.6807665774149255,0.20887270035911415,0.450000053745397,0.450000053745397,0.15673947632910623,0.12668600703273944,0.0,0.0,0.07723869999972521,0.0009219999992637895,0.06574279999767896,0.006182799999805866,,,0.941232126781791,,
38,lhs,3,0.024448961301251217,0.9202371545628013,0.13138660282570874,0.25437391247594254,0.9464010305047565,0.4144663313514028,0.059769764907396106,0.20780859580688302,0.4808569170950723,0.23861304304551223,0.12069982599615081,0.2987442164059989,-0.017106733729719437,-0.08804604701852078,-0.0584382808386234,0.024448961301251217,0.0157245,0.0157203,0.00872446130125122,-0.63825,0.19328,0.4507,0.4507,0.15673947632910623,0.12668600703273944,0.0,1.0,7.721826900000451,0.0009856000033323653,,,2.8131117000011727,4.902833899999678,,0.0,
39,lhs,1,0.02647764575816303,0.17808937289910065,0.710198241921067,0.08427532463009826,0.02701710353845769,0.8042838041046677,0.6312969481766498,0.7706810134675481,0.3027414494957842,0.4527733495107948,0.09348405194081572,0.10567359174307613,0.06085676082093355,0.026259389635329977,0.05413620269350963,0.02647764575816303,0.018101307625297842,,0.008376338132865183,-0.6832946052470694,0.209646296540796,0.4497363063448081,0.4497363063448081,0.06654022783664891,0.12580224193171946,0.0,0.0,0.17119670000101905,0.12410380000073928,0.038671499998599757,0.005365099998016376,,,0.9341188657034543,,
39,lhs,2,0.02679216325413079,0.17808937289910065,0.710198241921067,0.08427532463009826,0.02701710353845769,0.8042838041046677,0.6312969481766498,0.7706810134675481,0.3027414494957842,0.4527733495107948,0.09348405194081572,0.10567359174307613,0.06085676082093355,0.026259389635329977,0.05413620269350963,0.02679216325413079,0.018184389098133896,,0.00860777415599689,-0.685240123736912,0.21018181469840622,0.449999962184662,0.449999962184662,0.06654022783664891,0.12580224193171946,0.0,0.0,0.0690842000003613,0.0008372999982384499,0.05965749999813852,0.00513900000078138,,,0.9472892851420078,,
39,lhs,3,0.024523232345149158,0.17808937289910065,0.710198241921067,0.08427532463009826,0.02701710353845769,0.8042838041046677,0.6312969481766498,0.7706810134675481,0.3027414494957842,0.4527733495107948,0.09348405194081572,0.10567359174307613,0.06085676082093355,0.026259389635329977,0.05413620269350963,0.024523232345149158,0.0160267,0.0160242,0.008496532345149157,-0.64288,0.19495,0.4524,0.4524,0.06654022783664891,0.12580224193171946,0.0,1.0,7.301305900000443,0.0008120000020426232,,,2.2944739000013215,5.001550500001031,,0.0,
40,lhs,1,0.02659610082568969,0.9040692144083263,0.08410434257976934,0.7069356584261357,0.035534659783688916,0.9205612113812434,0.15544250032023954,0.43879482871678943,0.4769766114579983,0.22111860675451467,0.1931097053481817,0.10746227855457467,0.08411224227624867,-0.0689114999359521,-0.012241034256642108,0.02659610082568969,0.018195246074310834,,0.008400854751378842,-0.6858606981285527,0.2103128107007108,0.44702383506713717,0.44702383506713717,0.11150058768927633,0.1253579097000504,0.0,0.0,0.16464110000015353,0.1206053999994765,0.036116800001764204,0.004958699999406235,,,0.9166415687558708,,
40,lhs,2,0.026942442149167252,0.9040692144083263,0.08410434257976934,0.7069356584261357,0.035534659783688916,0.9205612113812434,0.15544250032023954,0.43879482871678943,0.4769766114579983,0.22111860675451467,0.1931097053481817,0.10746227855457467,0.08411224227624867,-0.0689114999359521,-0.012241034256642108,0.026942442149167252,0.01825725228334101,,0.008685189865826245,-0.6869337702785937,0.21065528498516625,0.45000002279597867,0.45000002279597867,0.11150058768927633,0.1253579097000504,0.0,0.0,0.07056290000036824,0.0008201999989978503,0.06132829999842215,0.005052200001955498,,,0.9509490309048052,,
40,lhs,3,0.02402304878715921,0.9040692144083263,0.08410434257976934,0.7069356584261357,0.035534659783688916,0.9205612113812434,0.15544250032023954,0.43879482871678943,0.4769766114579983,0.22111860675451467,0.1931097053481817,0.10746227855457467,0.08411224227624867,-0.0689114999359521,-0.012241034256642108,0.02402304878715921,0.0153914,0.0153874,0.008631648787159213,-0.63139,0.19121,0.4515,0.4515,0.11150058768927633,0.1253579097000504,0.0,1.0,7.301097799998388,0.0008054999998421408,,,2.2649249999994936,5.030930599998101,,0.0,
41,lhs,1,0.027022882190646035,0.06731349479744406,0.7792856766769133,0.9413067688777839,0.4716861415947301,0.18948633415422345,0.9465317929759398,0.7222440667563641,0.2761552387513866,0.478335700370458,0.23060908302044542,0.1990540897348933,-0.062102733169155315,0.08930635859518796,0.04444881335127282,0.027022882190646035,0.017948979855891306,,0.009073902334754731,-0.6795854808287408,0.2086161169575849,0.4513515475854881,0.4513515475854881,0.08016725644742409,0.13676049876774576,0.0,0.0,0.1719678000008571,0.12308029999985592,0.040232200000900775,0.0055102000005717855,,,0.9222219043692941,,
41,lhs,2,0.026842694858659897,0.06731349479744406,0.7792856766769133,0.9413067688777839,0.4716861415947301,0.18948633415422345,0.9465317929759398,0.7222440667563641,0.2761552387513866,0.478335700370458,0.23060908302044542,0.1990540897348933,-0.062102733169155315,0.08930635859518796,0.04444881335127282,0.026842694858659897,0.018041845459813015,,0.008800849398846879,-0.6817766553742228,0.20922671792729125,0.44999999352961934,0.44999999352961934,0.08016725644742409,0.13676049876774576,0.0,0.0,0.08020759999999427,0.0008533000000170432,0.0692468999986886,0.006209600000147475,,,0.957675274710547,,
41,lhs,3,0.02536117972210646,0.06731349479744406,0.7792856766769133,0.9413067688777839,0.4716861415947301,0.18948633415422345,0.9465317929759398,0.7222440667563641,0.2761552387513866,0.478335700370458,0.23060908302044542,0.1990540897348933,-0.062102733169155315,0.08930635859518796,0.04444881335127282,0.02536117972210646,0.0165254,0.016523,0.00883577972210646,-0.65203,0.19786,0.4512,0.4512,0.08016725644742409,0.13676049876774576,0.0,1.0,7.296780600001512,0.0009618999974918552,,,2.2815047000003688,5.009284899999329,,0.0,
42,lhs,1,0.02710794206212652,0.8743181786872851,0.6874215996583023,0.06494239428549371,0.28921075921036477,0.8642808924625375,0.9841146687886215,0.9139537609453163,0.46983636288494846,0.4443459918735719,0.090390783085679,0.1607342594341766,0.0728561784925075,0.0968229337577243,0.08279075218906326,0.02710794206212652,0.01817566086021719,,0.008932281201909335,-0.6853276211399999,0.21017877950011912,0.4473364220098306,0.4473364220098306,0.035860139976467434,0.1516588335918228,0.0,0.0,0.16811410000082105,0.12121389999811072,0.0378022000004421,0.006120800000644522,,,0.9623489165368994,,
42,lhs,2,0.027249971447742667,0.8743181786872851,0.6874215996583023,0.06494239428549371,0.28921075921036477,0.8642808924625375,0.9841146687886215,0.9139537609453163,0.46983636288494846,0.4443459918735719,0.090390783085679,0.1607342594341766,0.0728561784925075,0.0968229337577243,0.08279075218906326,0.027249971447742667,0.01827681685287534,,0.00897315459486732,-0.6873576330342475,0.2107781310520449,0.4499999977162079,0.4499999977162079,0.035860139976467434,0.1516588335918228,0.0,0.0,0.06927139999970677,0.0009270999980799388,0.05976639999789768,0.005152100002305815,,,0.9319069175071395,,
42,lhs,3,0.025046460659342566,0.8743181786872851,0.6874215996583023,0.06494239428549371,0.28921075921036477,0.8642808924625375,0.9841146687886215,0.9139537609453163,0.46983636288494846,0.4443459918735719,0.090390783085679,0.1607342594341766,0.0728561784925075,0.0968229337577243,0.08279075218906326,0.025046460659342566,0.0161957,0.0161932,0.008850760659342564,-0.64578,0.19592,0.4524,0.4524,0.035860139976467434,0.1516588335918228,0.0,1.0,6.888500799999747,0.0007994000006874558,,,2.0752796000015223,4.807968000000983,,0.0,
43,lhs,1,0.027003452108631972,0.9519313706816367,0.13279464544063105,0.5731670081212641,0.18403670846354253,0.3897352718662284,0.9707326112395971,0.09872823659040518,0.4884635289635928,0.2391340188130335,0.17170672129940223,0.13864770877734395,-0.02205294562675432,0.09414652224791942,-0.08025435268191897,0.027003452108631972,0.01860679441434176,,0.008396657694290223,-0.6935319904505325,0.2126897690013883,0.4576196200931195,0.4576196200931195,0.11905680966499901,0.129307305909298,0.0,0.0,0.16674799999964307,0.12240569999994477,0.036177199999656295,0.005203800003073411,,,0.9106139044394244,,
43,lhs,2,0.026887006423304275,0.9519313706816367,0.13279464544063105,0.5731670081212641,0.18403670846354253,0.3897352718662284,0.9707326112395971,0.09872823659040518,0.4884635289635928,0.2391340188130335,0.17170672129940223,0.13864770877734395,-0.02205294562675432,0.09414652224791942,-0.08025435268191897,0.026887006423304275,0.018156269728797778,,0.008730736694506488,-0.6847036960006752,0.21001265630068647,0.4500000290280336,0.4500000290280336,0.11905680966499901,0.129307305909298,0.0,0.0,0.07332510000196635,0.0008243999982369132,0.06355899999834946,0.005367400000977796,,,0.9274448905136323,,
43,lhs,3,0.02331434734862469,0.9519313706816367,0.13279464544063105,0.5731670081212641,0.18403670846354253,0.3897352718662284,0.9707326112395971,0.09872823659040518,0.4884635289635928,0.2391340188130335,0.17170672129940223,0.13864770877734395,-0.02205294562675432,0.09414652224791942,-0.08025435268191897,0.02331434734862469,0.0147374,0.0147339,0.008576947348624691,-0.61814,0.18715,0.4518,0.4518,0.11905680966499901,0.129307305909298,0.0,1.0,7.215216099997633,0.0008748000000196043,,,2.3433436999985133,4.866380999999819,,0.0,
44,lhs,1,0.026528445222338135,0.9534598937769644,0.5831236271820088,0.8085969304590019,0.9888212960531906,0.14211841458622032,0.22734651660796085,0.40621343525593917,0.4888303745064715,0.4057557420573433,0.2093755088734403,0.30765247217117003,-0.07157631708275594,-0.05453069667840783,-0.018757312948812166,0.026528445222338135,0.017623412633870468,,0.008905032588467672,-0.6744387415736066,0.20686693381688373,0.43553690469764916,0.43553690469764916,0.1434773190784818,0.15502749899608448,0.0,0.0,0.164743900000758,0.12023369999951683,0.03647320000163745,0.005191599997488083,,,0.901958576471277,,
44,lhs,2,0.02728106214242532,0.9534598937769644,0.5831236271820088,0.8085969304590019,0.9888212960531906,0.14211841458622032,0.22734651660796085,0.40621343525593917,0.4888303745064715,0.4057557420573433,0.2093755088734403,0.30765247217117003,-0.07157631708275594,-0.05453069667840783,-0.018757312948812166,0.02728106214242532,0.018123747663441197,,0.009157314478984132,-0.6837155480520258,0.20976688279135838,0.45000007395243224,0.45000007395243224,0.1434773190784818,0.15502749899608448,0.0,0.0,0.06775609999749577,0.0007928999984869733,0.05797659999734606,0.005264200000965502,,,0.9495240213369915,,
44,lhs,3,0.025478586764336127,0.9534598937769644,0.5831236271820088,0.8085969304590019,0.9888212960531906,0.14211841458622032,0.22734651660796085,0.40621343525593917,0.4888303745064715,0.4057557420573433,0.2093755088734403,0.30765247217117003,-0.07157631708275594,-0.05453069667840783,-0.018757312948812166,0.025478586764336127,0.0163385,0.0163354,0.00914008676433613,-0.64949,0.19688,0.4504,0.4504,0.1434773190784818,0.15502749899608448,0.0,1.0,8.342991000001348,0.0007884999977250118,,,3.368136699999013,4.969584500002384,,0.0,
45,lhs,1,0.026761318587439128,0.6098698011223113,0.9384366506227506,0.2706713569951449,0.7630874379039077,0.3935450621505311,0.2977218188322408,0.9193011806625813,0.4063687522693547,0.5372215607304178,0.12330741711922318,0.2602483619598206,-0.021290987569893782,-0.04045563623355184,0.08386023613251625,0.026761318587439128,0.01788676429279032,,0.00887455429464881,-0.6795721318545737,0.20844176804974887,0.44123627870155513,0.44123627870155513,0.08948283518553796,0.15793920769839825,0.0,0.0,0.18681690000084927,0.1401755000006233,0.03841950000060024,0.005214200002228608,,,0.9402109909920576,,
45,lhs,2,0.027251428385333017,0.6098698011223113,0.9384366506227506,0.2706713569951449,0.7630874379039077,0.3935450621505311,0.2977218188322408,0.9193011806625813,0.4063687522693547,0.5372215607304178,0.12330741711922318,0.2602483619598206,-0.021290987569893782,-0.04045563623355184,0.08386023613251625,0.027251428385333017,0.018192711306303434,,0.009058717079029593,-0.6853871650864442,0.21022802382673428,0.4499999931405039,0.4499999931405039,0.08948283518553796,0.15793920769839825,0.0,0.0,0.06930479999937234,0.0008271000006061513,0.05996479999885196,0.005088600002636667,,,0.957637148145964,,
45,lhs,3,0.026350518770547445,0.6098698011223113,0.9384366506227506,0.2706713569951449,0.7630874379039077,0.3935450621505311,0.2977218188322408,0.9193011806625813,0.4063687522693547,0.5372215607304178,0.12330741711922318,0.2602483619598206,-0.021290987569893782,-0.04045563623355184,0.08386023613251625,0.026350518770547445,0.0172785,0.0172761,0.009072018770547446,-0.66637,0.20225,0.4495,0.4495,0.08948283518553796,0.15793920769839825,0.0,1.0,7.207850700000563,0.000799699999333825,,,2.3832015999978466,4.819357899999886,,0.0,
46,lhs,1,0.026458892926560784,0.7147440669715206,0.26776910063283865,0.15835575239255598,0.4502799753545014,0.010527418717591566,0.027699581909909045,0.9355416024172283,0.4315385760731649,0.2890745672341503,0.10533692038280895,0.1945587948244453,-0.0978945162564817,-0.09446008361801819,0.08710832048344566,0.026458892926560784,0.01761531605469396,,0.008843576871866819,-0.6740745867558788,0.20679294779968865,0.4373275245218682,0.4373275245218682,0.11543401831681788,0.12333193028381123,0.0,0.0,0.16568410000036238,0.12081359999865526,0.03665710000132094,0.0052663999995274935,,,0.9332049051787558,,
46,lhs,2,0.02669763514391238,0.7147440669715206,0.26776910063283865,0.15835575239255598,0.4502799753545014,0.010527418717591566,0.027699581909909045,0.9355416024172283,0.4315385760731649,0.2890745672341503,0.10533692038280895,0.1945587948244453,-0.0978945162564817,-0.09446008361801819,0.08710832048344566,0.02669763514391238,0.018032784191303008,,0.008664850952609365,-0.681971607084615,0.20923438543960785,0.4499999558912263,0.4499999558912263,0.11543401831681788,0.12333193028381123,0.0,0.0,0.06776029999673483,0.0008153999988280702,0.05851490000350168,0.005090699996799231,,,0.939783376355728,,
46,lhs,3,0.026299972323004003,0.7147440669715206,0.26776910063283865,0.15835575239255598,0.4502799753545014,0.010527418717591566,0.027699581909909045,0.9355416024172283,0.4315385760731649,0.2890745672341503,0.10533692038280895,0.1945587948244453,-0.0978945162564817,-0.09446008361801819,0.08710832048344566,0.026299972323004003,0.0177006,0.0176976,0.008599372323004001,-0.67389,0.20461,0.4469,0.4469,0.11543401831681788,0.12333193028381123,0.0,1.0,15.92080789999818,0.000787000000855187,,,11.037298100000044,4.878154199999699,,0.0,
47,lhs,1,0.027089840532367907,0.470444694342243,0.8716409800198893,0.4851523909817308,0.0756709035971597,0.5273737286252378,0.023855691540161518,0.8971383051042217,0.3729067266421383,0.5125071626073592,0.15762438255707692,0.11589088975540354,0.005474745725047553,-0.0952288616919677,0.07942766102084434,0.027089840532367907,0.01833568161737079,,0.008754158914997125,-0.6882479271151836,0.21109416092603697,0.4513198105550422,0.4513198105550422,0.09716226145971545,0.1498853192927726,0.0,0.0,0.16596879999997327,0.12114950000250246,0.036365800002386095,0.005474599998706253,,,0.9316741163531759,,
47,lhs,2,0.027233080653192434,0.470444694342243,0.8716409800198893,0.4851523909817308,0.0756709035971597,0.5273737286252378,0.023855691540161518,0.8971383051042217,0.3729067266421383,0.5125071626073592,0.15762438255707692,0.11589088975540354,0.005474745725047553,-0.0952288616919677,0.07942766102084434,0.027233080653192434,0.018330040232292268,,0.00890304042090017,-0.6884884152576679,0.21111228461291148,0.4500000169893847,0.4500000169893847,0.09716226145971545,0.1498853192927726,0.0,0.0,0.07008409999980358,0.0009202000001096167,0.059796599998662714,0.005628200000501238,,,0.9568029470065719,,
47,lhs,3,0.02576653171436246,0.470444694342243,0.8716409800198893,0.4851523909817308,0.0756709035971597,0.5273737286252378,0.023855691540161518,0.8971383051042217,0.3729067266421383,0.5125071626073592,0.15762438255707692,0.11589088975540354,0.005474745725047553,-0.0952288616919677,0.07942766102084434,0.02576653171436246,0.0168728,0.0168701,0.00889373171436246,-0.65885,0.19991,0.4514,0.4514,0.09716226145971545,0.1498853192927726,0.0,1.0,7.221329399999377,0.0008125999993353616,,,2.365816800000175,4.850198100000853,,0.0,
48,lhs,1,0.02637897317323255,0.2001029306914479,0.855846597771534,0.4255246410511141,0.14779410072084317,0.9731879730444951,0.25010354819959174,0.3259072251215426,0.3080247033659475,0.5066632411754677,0.14808394256817825,0.13103676115137708,0.09463759460889903,-0.049979290360081655,-0.03481855497569149,0.02637897317323255,0.01746602896315758,,0.00891294421007497,-0.6698664657852563,0.20568730818731082,0.44166746335771356,0.44166746335771356,0.11233847441167504,0.1390771095423681,0.0,0.0,0.16596710000158055,0.12024860000019544,0.037135400001716334,0.0056913999978860375,,,0.7883016542742307,,
48,lhs,2,0.02739778237575754,0.2001029306914479,0.855846597771534,0.4255246410511141,0.14779410072084317,0.9731879730444951,0.25010354819959174,0.3259072251215426,0.3080247033659475,0.5066632411754677,0.14808394256817825,0.13103676115137708,0.09463759460889903,-0.049979290360081655,-0.03481855497569149,0.02739778237575754,0.018257968939213005,,0.009139813436544516,-0.6869246562712132,0.21064775255777482,0.450000048867069,0.450000048867069,0.11233847441167504,0.1390771095423681,0.0,0.0,0.06946759999846108,0.0008224999983212911,0.05967619999864837,0.005472000000736443,,,0.8598737292724801,,
48,lhs,3,0.023971562517198515,0.2001029306914479,0.855846597771534,0.4255246410511141,0.14779410072084317,0.9731879730444951,0.25010354819959174,0.3259072251215426,0.3080247033659475,0.5066632411754677,0.14808394256817825,0.13103676115137708,0.09463759460889903,-0.049979290360081655,-0.03481855497569149,0.023971562517198515,0.0148371,0.0148327,0.009134462517198513,-0.62038,0.18779,0.4528,0.4528,0.11233847441167504,0.1390771095423681,0.0,1.0,17.659242699999595,0.0007992000028025359,,,12.661112000001594,4.9923963000001095,,1.0,
