x_0,x_1,x_2,x_3,x_4,x_5,x_6,value
0.5612533235230233,0.601160382283777,0.6586642578343919,0.5680565485944226,0.5806636299712211,0.4502081752332574,0.6307997082164681,0.0265938093696087
0.8578611160210642,0.5251106628424972,0.017456255736151956,0.11448834800138595,0.01699485204804397,0.9961294083876823,0.051924726700307594,0.0263289207217419
0.08163390287295033,0.7030507933600498,0.03549362894355962,0.8656992962826319,0.5243148020063225,0.9997794557421571,0.004398426435006243,0.02716364289014307
0.026168725961008246,0.9541472495216777,0.013276290292783098,0.49438227105220145,0.0030427252887386845,0.16992094408099356,0.8786369129918422,0.027338005168028617
0.9959571897500399,0.0049626967878281724,0.15149755189562605,0.9617372187638011,0.7782794002152177,0.06149214638485119,0.9860299187699105,0.026745193885659685
0.9733466197067084,0.015849719290318916,0.9040445245587448,0.5594641151572735,0.1419477920129036,0.7076871490055741,0.007526460624320908,0.026373194830478314
0.8617437029409099,0.9945890050305295,0.0114655083350384,0.8975553418191232,0.1678577011115296,0.8624112638136151,0.952223719375372,0.0271777979259933
0.9338658683979787,0.09619137877191106,0.22526943744863503,0.07074094278200328,0.15937210111449815,0.24527455789981453,0.9741353007012935,0.026956245872733188
0.3991787715363993,0.99562704793513,0.006492303727399776,0.5055996742632579,0.8041312586161098,0.05608335259730225,0.04355842334925578,0.027040408644127954
0.9772887637999209,0.1550348847231865,0.2572069348859974,0.0885816997731351,0.7543794680874634,0.28563520149035393,0.052226440479759946,0.026180496896136184
0.6939819238758426,0.9068280236452096,0.5335249509382174,0.029242484795869206,0.989459414826782,0.9564633998702723,0.07149370546364224,0.026747761200797457
0.8364923078980562,0.1666871051212326,0.15761251904725318,0.9826640687265021,0.9470575007073494,0.8895392170111438,0.15448899024331286,0.02631876887236303
0.0266129111955173,0.8144238069435095,0.8070700642686631,0.044606720834342084,0.010028743692398688,0.785910360538979,0.45388882216279774,0.027620326383062013
0.037976472955124393,0.9965434252235108,0.24002434798017597,0.10268471821451075,0.7967004873947592,0.817320347843525,0.9342675179221431,0.026617441110395688
0.09601265376613645,0.9698736534479221,0.9970186014040949,0.9567604828888877,0.33482529767888064,0.9099251419458662,0.05169419168690303,0.027931468034711
0.7376436588205931,0.4225705746905068,0.11732307545103603,0.851906589683788,0.12589881552333584,0.05160259451464195,0.12565562267271557,0.026389123331198305
0.970422324353807,0.7873408568783972,0.956031391470359,0.002632016297052713,0.41935836471612353,0.10713240757955997,0.08450145712208881,0.0267096036529762
0.9247913229560306,0.027988639110712726,0.7446421957200671,0.9109817256799003,0.26506334942931187,0.8577903120215097,0.9736403206492871,0.027078393155637547
0.9858699639809733,0.9616735059177273,0.02581483298131503,0.4314750666077717,0.462743515661962,0.06269804391242306,0.9532065634058822,0.027106048464158736
0.9896622209928772,0.8777247370223876,0.946092823694828,0.3318817948925047,0.06684936860084796,0.9371963877954814,0.48020297937660267,0.027206424179939313
0.7281856486472253,0.3884284339744813,0.06585632578980052,0.005625378636605975,0.956483545125129,0.7759348072238904,0.86877705731606,0.026573127303800022
0.0717995009872254,0.5741694975464882,0.9191506668339415,0.13158675486715135,0.9646221136406629,0.048757081638112106,0.9568967878289346,0.026639923725086105
0.9586120416505018,0.0740183038592167,0.9569299068473156,0.14310427459821035,0.9030700846524222,0.7681330291273328,0.4394498065212236,0.02660986969165915
0.44632946635755555,0.884185714905975,0.01899500309643294,0.9912205597887506,0.8859734339156177,0.4587886478774595,0.9791299065948808,0.02665732519568763
0.0295268526420965,0.9334149102562446,0.44826714991922717,0.9271643615786239,0.22469241793554043,0.16140021691401624,0.06654210664472959,0.030329732940783553
0.08817549058843706,0.8158617693090252,0.9753651881899712,0.8517663891120153,0.2239878428037165,0.04725713128425113,0.9778117949502717,0.02735614610602463
0.45824529861932206,0.7834209172411205,0.9975900270282501,0.015241082150348521,0.9670797606394652,0.9383361856446196,0.9571118938545908,0.026984219584691906
0.26299332916297025,0.7268687754551648,0.133548980693098,0.03887369287397215,0.11226120645894642,0.12412996378292114,0.12742945097389555,0.027712650201247094
0.6933598906136904,0.9933640158606029,0.9342728395742029,0.8512123637763059,0.9165594346904994,0.6121442200125243,0.04227974863576683,0.026927588521954572
0.32805040478344694,0.5913967647803908,0.9957617568342729,0.4523299103359294,0.002378164843494639,0.027077497561838266,0.07739458096445294,0.027768539781119116
0.0014190515419235466,0.6256696812908793,0.8558367131406723,0.903569876384004,0.8969877548907934,0.97737628686837,0.6234901354146586,0.02685540575969083
0.7691884475410267,0.9564783520765361,0.5957081058629711,0.06074492149232872,0.9717299939554689,0.006013356954441158,0.7336429343893555,0.02694363978279716
0.2085118557220589,0.9952799344699168,0.9137009388582531,0.057462097443507026,0.6834609015209085,0.42249635984455125,0.08914915300565791,0.027707861422725907
0.7330999333396596,0.5698151077615944,0.4366466015176944,0.8977852453623989,0.11128208605273718,0.850952588144965,0.1757374087320228,0.026526271102946322
0.40811139499575194,0.6947021053935567,0.012062298879145558,0.04291215182712371,0.09791246512411005,0.8375616931558729,0.7393084344572964,0.026626414890547158
0.8900504028120567,0.9218595225743486,0.6409876784192259,0.8758173969473546,0.9408991910425191,0.013764964940415918,0.9096981724293748,0.02715515999356824
0.9403188107899453,0.9880644006334549,0.12897240466896823,0.2131453132166509,0.5041520806709752,0.6623022805551926,0.40923372528386515,0.02681188839501028
0.9901012645131185,0.4787580047010551,0.7635972540160866,0.7899709530476686,0.8455932775764992,0.06410724988495269,0.12554997359230383,0.02652038509890567
0.19438406136432404,0.9711335379997014,0.3978388671476403,0.9364056975662859,0.23370600410019668,0.9844952912578786,0.6793889974393017,0.026978544825033524
0.5436679332260034,0.8669881668087177,0.9315840313468428,0.14635914051718868,0.05708039312714169,0.04979512513262798,0.7579144212363902,0.02698941473549763
0.8581941036443923,0.7494408251594588,0.7644278301523554,0.9459169951765951,0.876362825161857,0.9839508815712221,0.8146858818974665,0.027203396740719615
0.9508512093852801,0.8014463387092723,0.981704799159281,0.9392306934540781,0.14847756102820367,0.3986201402889318,0.8239938476108154,0.027363781571821684
0.9427829821187085,0.30648946053999154,0.01683416777949718,0.5577799315768112,0.45932533539028414,0.9946895629493707,0.8459664346158325,0.026811373528897117
0.02089429630634505,0.9438011656124816,0.535455310788236,0.6515981578350781,0.9746866517173532,0.2514256554675625,0.40118471403161393,0.027632096253137724
0.8358003180721896,0.11589150220169821,0.827083944102709,0.7798609773804901,0.23434630509782972,0.11248289404278757,0.47881251646081635,0.02661761869585163
0.3231184915314012,0.5877524442612724,0.12505298849623128,0.3778667364088851,0.8161335471629945,0.016986379608133227,0.7055098228276032,0.02638010403190132
0.7123388593244275,0.3094644061157726,0.5631335409775367,0.25505419666281154,0.06401334564831021,0.9049812324693974,0.8560596378977987,0.0269158116181359
0.9615262006194112,0.032704850109350266,0.11769519517694327,0.584160597358556,0.033532705415343846,0.5965295309076559,0.2611010333086365,0.026384359032071463
0.9713836027328612,0.10593009456578652,0.9375380829948208,0.061379910952047124,0.05252470764083741,0.3598137906540373,0.46520491277756637,0.026730855450538327
0.9149695235765689,0.8413125873628261,0.7610342255451853,0.03769572889105131,0.45482282541950125,0.6872995331597308,0.9874502338008001,0.0272604759016271
0.4890498565787957,0.36316367666259225,0.7961738342916462,0.08567535852529962,0.29224322569551203,0.8819438741821665,0.16179916966489785,0.02640546805954935
0.2421009202974104,0.9441346879356046,0.1135816103116142,0.15738322990597364,0.12315183088490674,0.9965932278479555,0.07207352291520652,0.027021243576937404
0.8949161591951418,0.5857105269678894,0.05910646462329221,0.830872118106667,0.9422214180724289,0.19667299767633437,0.27535122174982335,0.02642701228061566
0.9616617131385836,0.9898223648052131,0.39109536880679646,0.4775465348326271,0.3026712003193896,0.12364093439374044,0.0965420528708173,0.026694534396605366
0.34018311616337016,0.5134140520223703,0.9901579423477062,0.9104478809711509,0.10188815494212677,0.8260757142383166,0.5369963826528696,0.026910385863217434
0.12253014545458094,0.6425936374051316,0.8653570657719909,0.8633047120927443,0.9963490929048805,0.17723047310904094,0.9947409492389343,0.02669581023666719
0.6427217301676628,0.3158629931663071,0.9464873773236334,0.5970683107069741,0.9663840853682232,0.9160805639263263,0.027841622451920157,0.02640143734687104
0.9238384889656251,0.08436950923378005,0.6316045904897558,0.07687083436752479,0.833349278110278,0.004505668540873397,0.6216652000953738,0.026498028750777548
0.9963233559107078,0.02232336954090719,0.14566318810642248,0.9670837588274147,0.11212175798315809,0.4510625552860356,0.9458870165521094,0.02697741237047252
0.40387214128433757,0.7651330376975042,0.025491256440034835,0.9177432312189097,0.2941244919555077,0.4592719716328053,0.4614782493175923,0.026532029223015438
0.9157038792978003,0.7870619778672113,0.03670496649358399,0.5298660378084565,0.9015163384012973,0.953169566912236,0.015837058583103615,0.026591891802132513
0.10236431580187069,0.7349145208420552,0.2698540671676093,0.0030921771011750906,0.7701467216871309,0.513130263942561,0.2744434158033591,0.027084075064718126
0.12196278363587572,0.9586978158224483,0.8686266353612497,0.3501419462552072,0.3778837483887501,0.9478781476816989,0.9507199713077605,0.02706673747631449
0.8650553799935625,0.08857284377130159,0.4402033010314759,0.9029692094686791,0.9142722185936872,0.758265622838525,0.9307683478444142,0.02673951366637791
0.4245909628482743,0.44971527127178385,0.7876806414960598,0.8681223008524898,0.38735355251357645,0.39708382042373913,0.04201225444359594,0.026590674226531913
0.004590441859168914,0.7599408159390566,0.5480011116093363,0.31518751803320594,0.37351360176019144,0.2849347498542408,0.961003577677592,0.026992442885285253
0.5546839053312391,0.9853065767811994,0.30079506358777464,0.7430645175998684,0.8894333829001768,0.8076734662010904,0.5043923814074033,0.026745493922238815
0.47142886178999077,0.4316311288271679,0.9378480469565277,0.29438285266704495,0.9610996760367296,0.3105454986411882,0.09819696694455483,0.026351918620680922
0.9935561967289881,0.5000779651090734,0.14910331143345554,0.4501651530091709,0.9875020205447171,0.1880800953119305,0.8445691256948131,0.026748464431919812
0.5637954236731828,0.7117055023988416,0.4367760796658735,0.9840488734432487,0.03292904068912594,0.304093139941879,0.940095671494818,0.02697473865512572
0.9757334596852648,0.1929249422830336,0.33356620912618906,0.26116925904308974,0.08100145248672125,0.043185592771682255,0.33620223252623044,0.0265633765782535
0.8837349030161241,0.0916940564922782,0.1993602576398985,0.07755060769997915,0.6521516701273044,0.8872205497247441,0.3669502228984214,0.026359282242031164
0.6148753969022751,0.45658981776229274,0.045407683590383295,0.458062262001363,0.01552578609945393,0.015888098249917517,0.9654934650316321,0.026816772457140488
0.09392146471925299,0.5841826228976323,0.8408854151507559,0.11020685285373867,0.7107445824371627,0.9206776264382663,0.45863990236958885,0.026735372987501407
0.8114719851897408,0.9094757471207856,0.17385277155496864,0.3687307838406005,0.7691042543591733,0.77791828014104,0.9878193711757417,0.02701337401555626
0.9930684549736308,0.6678057974978109,0.7291186722321825,0.5228626859423228,0.6019820302827285,0.9412791787890342,0.25296365167112633,0.026825353715614935
0.9306696446714984,0.9497715728240936,0.3065347419412648,0.9972516941690374,0.07787159064584602,0.1641668787962454,0.45432722644229584,0.026948519888267963
0.5620688702814077,0.3411762602505584,0.6520364030312559,0.00347385769601735,0.3113070952567702,0.11499756299537273,0.1412065745148686,0.02640014769767428
0.7344369590849739,0.6110055549070607,0.7076607944020353,0.012871722317789326,0.8980963023210491,0.5976154589088717,0.5777820993456507,0.02667682323264225
0.43656430181937694,0.9470584165078043,0.8462713074578062,0.4416350163617747,0.34521183517939286,0.7459669899116278,0.28858073426238096,0.026823036427572045
0.22397876432809413,0.974743392123977,0.9819623073940258,0.7849161131759097,0.49447212139975666,0.009604514020401581,0.13737108782125734,0.02832418493475592
0.9952207947655815,0.515940167927151,0.5792551131579047,0.16983955241494078,0.09216561961093335,0.532037478609366,0.14330547866429252,0.026532328530091936
0.4694744267246343,0.4654413306532085,0.2585400239317733,0.9079205891752983,0.607837677242913,0.8840673461059538,0.9759529501019542,0.0267119206957439
0.9191311515801115,0.8832468190791506,0.481491309897071,0.08947749432079807,0.9175041658829266,0.3406033180084666,0.056036680040589044,0.026676373097257955
0.5047059388223275,0.4805094314404767,0.043236984626413254,0.34230253896519763,0.6493997052261014,0.5400210692722294,0.09667288518824621,0.0261680956368806
0.40516833688126425,0.4723284543447959,0.33446742006179314,0.35391426538200854,0.7113997793452427,0.928885416452741,0.5923007692106712,0.0264014354853794
0.6362782920838073,0.39235532928468275,0.029064299114611225,0.8903714643093968,0.5523598683425467,0.013896790514888136,0.7088318474555498,0.026431518289566636
0.32769389685226574,0.5554334256365132,0.09298493233199329,0.9766951376862807,0.7884424608937219,0.06677953927406882,0.06413713898326329,0.02662636877677282
0.9185749578817957,0.7480089007851837,0.3286367767183781,0.19511250009768244,0.011245779679367334,0.5475561850238647,0.9157572244927372,0.027150658396056432
0.8167232257435992,0.6440232108986031,0.00910482745618934,0.17939328099844756,0.48213615743362276,0.13701080782381836,0.4029026260971098,0.026451382619876056
0.937944438535721,0.006138723283204354,0.5430917327905171,0.25718984670907424,0.768614442315302,0.947646428784952,0.8640387427518555,0.026783445152195703
0.05095330706593916,0.6796315870294642,0.5728826508910718,0.9887162058916308,0.5699911911306006,0.10629737648475869,0.6183749429253055,0.02729719328913959
0.2500832181149146,0.9988341074990884,0.8161823200082539,0.5045494425398842,0.7182828179322034,0.002667602201297699,0.806825578580776,0.026989761070602525
0.045545487310410256,0.665465780720707,0.46210473470029084,0.3613926668288746,0.6610625295778806,0.02064388000683589,0.09171915039342281,0.028850854824035786
0.901281126632665,0.7683337350388185,0.9248426084073087,0.3729093160781912,0.5904033903007719,0.15452683617008334,0.9047123046345764,0.02713147615222971
0.9982229236828387,0.5612028506272949,0.13881087237188228,0.9600269700820475,0.8495392554445674,0.796491875995756,0.6587526068250424,0.02680193228694881
9.237285756696547e-05,0.6761594849834397,0.7022103486208146,0.6647438062175748,0.8698350448666884,0.9539105219973902,0.053482918220390675,0.027400111748084047
0.4382374990514839,0.9621766032235387,0.9602072567898431,0.9178424759670831,0.6558866923065733,0.47194524789255926,0.8378211682382011,0.02703296148969468
0.5513478265423337,0.7028393059418395,0.2906847622919782,0.04730723836939978,0.34941903146549286,0.03277080476961216,0.942299324930957,0.026716040086903793
0.16928668423666374,0.9432734248654201,0.09605631816772023,0.6459310910132963,0.43038243104451507,0.5847216921528247,0.906368354122853,0.026704023617273205
0.7348126773028062,0.5816207953094042,0.5695890730259291,0.5395682181946593,0.007601624155191673,0.2910688514877819,0.5629815875032455,0.026741833984224063
0.7771349334479232,0.9667793290638577,0.7855601042019034,0.7352588911738123,0.19601714436884884,0.9843422285007746,0.8501752883946432,0.02737573034076722
0.9815468596567952,0.06643096625438553,0.38262099585113574,0.775240077087285,0.5884311965162998,0.027185538588597107,0.24546432382166458,0.02633756752399846
0.037021196249295514,0.6558755979456996,0.6436783708849175,0.6078662501555521,0.13161077186282627,0.9137336649205638,0.1320726573581818,0.027816712776745273
0.14351479690576624,0.5927548764495061,0.6036423418571348,0.01702769143361803,0.13519262290758066,0.19559921007507744,0.5234055279038191,0.027354922246367742
0.6275241222698204,0.34370939153672203,0.981078349192915,0.33676044563269086,0.14265282412383598,0.18380871035128646,0.978712108933282,0.02695570948799679
0.9997462306050064,0.5720038371813388,0.4426644159627337,0.9838198673104824,0.10842288974222783,0.721504399223831,0.8772685142306351,0.02717887279229019
0.7387414813153172,0.24398671637409375,0.9878076314036368,0.4540394684980137,0.4034424088849734,0.9446993709854107,0.6332906393076402,0.026815881329622628
0.3923072678446639,0.9754793478068841,0.975067123068725,0.5819067559112462,0.0432358209736857,0.45408624638609757,0.7871025598712205,0.02709481366089562
0.8936139001222656,0.9720094681658,0.09675804364087477,0.5685597050377115,0.22146879837369715,0.8931510178738037,0.05456708389741197,0.02659020100837931
0.4854285258044955,0.4922740002307746,0.11292482089948791,0.49360637639339316,0.03692581306061387,0.7562843178796842,0.3955098768133409,0.026422794792541546
0.017595790852766514,0.8499729970571573,0.4766669205719442,0.6304029284822276,0.8866829247126696,0.6662465444454908,0.9148763501056297,0.02666593336107001
0.9841545859257375,0.15310928072727512,0.8560477870600485,0.8455329951753283,0.8917678296848801,0.8136736029707082,0.42584652695857406,0.026704867860019056
0.8974073084017817,0.32774792002060366,0.4535061615384869,0.8382700664108458,0.17175927685969464,0.01540202381325613,0.9921413439572536,0.027100137915944615
0.6282927764575175,0.3872725238392229,0.9101050018234674,0.9754294521686285,0.7446918186129321,0.18793273507709177,0.7168057795068815,0.026671332360284312
0.7380805387802296,0.9974561257843557,0.4183500079791857,0.8787932240864308,0.9744343038446883,0.059871249824288084,0.08585076952909439,0.026738998550584377
0.9728032756404015,0.05820010987441506,0.9407896888275201,0.4569026117106419,0.8090307768409707,0.30179194529210146,0.13195581717275917,0.026334390877910854
0.5682012988426274,0.990364154148151,0.22411537654130947,0.03539259406408881,0.9082984036543011,0.8326089728234202,0.5568060493176273,0.02672289577879363
0.9203887375834496,0.05527860173934234,0.5362746544913078,0.3695234723375071,0.4456282753727066,0.5382213084844439,0.45932827918480595,0.026471684461742202
0.9411609039824561,0.6360466057996931,0.987172595647793,0.010837976030256135,0.48463903527514945,0.9209362083504871,0.05324638184978147,0.026696281133240206
0.003018375768786046,0.9270424224492397,0.09200641089174892,0.897711003036838,0.8194092764814397,0.5529774264058638,0.1560322151347528,0.027882214484590665
0.05500238818717694,0.8442195663102472,0.994950339015862,0.0041841175478750225,0.6582152128136096,0.3407886656177519,0.6410764516919719,0.027215230491528342
0.4494342489027527,0.9841497713604327,0.6179141139818105,0.1989775330299269,0.8168890755159326,0.030495274603090233,0.2640424457163106,0.026945372059862104
0.015641716363047294,0.9896273776499123,0.2778349585913181,0.5184448751831092,0.34419313993000183,0.34617965659863226,0.41175572896917906,0.028048722178119122
0.47086507551269735,0.9509390210310531,0.9467842255974405,0.021795566375779275,0.14580934092674835,0.6870178197637878,0.8282238173056411,0.02706362886196765
0.03177591467359896,0.800630531637343,0.9473130668140893,0.6551797026314553,0.5962557473837282,0.49052119759367663,0.32974157380172414,0.027711063621643186
0.03838136000211686,0.727644484617602,0.6343411550193833,0.21822897436735492,0.18355054768661475,0.47262776453356914,0.04317622820557947,0.029013311697356832
0.16352013401494556,0.9149946098848978,0.4610157985597706,0.11150470227310899,0.9544058857843142,0.3129655565873807,0.830662124861438,0.02662727939330161
0.8013366291616358,0.16253564497179385,0.5618799906061498,0.6427040682078715,0.7929663538365331,0.00022387224925038386,0.8426227730396957,0.026593876678214702
0.8881692331980965,0.9790885129928528,0.6987530934497785,0.4538821238794982,0.998207288316237,0.6807189454264458,0.38739962241585635,0.027049673337400472
0.012379878255943786,0.6813997780616178,0.32479416707482334,0.9225433188858685,0.019019441556104393,0.6151437998513605,0.3956058278661222,0.02776782929875648
0.46038887440602655,0.41710159053951673,0.6408353842105593,0.43838260807411594,0.024452338832274417,0.4967998001943092,0.004572673054177061,0.026589499917188977
0.4691519431866807,0.9326394224813713,0.9656043733987646,0.2692569365124214,0.9598872676520647,0.9425743090286819,0.303094993245905,0.026842949345819177
0.6036250810944012,0.8927109159998171,0.2961176228510094,0.7027776302487877,0.5831186049440755,0.6321178438197506,0.0038064957414779875,0.026528059484815902
0.778287939958447,0.8904218776695634,0.6843872008988365,0.9581240143443382,0.43618427060519677,0.31783299227269607,0.09061746297046763,0.02672405751671021
0.9018902961438301,0.8980734002145306,0.9874117771322585,0.7221314678795447,0.7501151745133456,0.12849225664399275,0.4373593351370865,0.027002779837366188
0.17998566359743448,0.832034063259827,0.014060183821776541,0.04617594480703799,0.29333669712212884,0.35004184271643507,0.7508809132508866,0.026747584542480038
0.945709282238319,0.1939289730339902,0.35417781574058554,0.9006309838584456,0.4537167816807808,0.7597283558827586,0.34223317315076307,0.026504613560019992
0.6159714714151399,0.537795831359996,0.804583154964945,0.9886587505845622,0.7456498743444128,0.9557842880101604,0.34413501971298405,0.0266955272463259
0.5896295639664736,0.93401761440655,0.15001635537368502,0.8079504750011401,0.36477620744516986,0.006989918679166988,0.82231236629218,0.02679199948729916
0.1392211660517953,0.5751771616647334,0.6080251932683811,0.6972282066199558,0.04738981331351259,0.48289354549553193,0.9847568126998968,0.026958602906990703
0.9674832063637689,0.3142615044271165,0.5603469410688928,0.9848691860250047,0.9928122748377488,0.3457901969177156,0.5954895386717158,0.026676087225672468
0.8265035804829269,0.21171716127876294,0.04923826360079732,0.5448499202067686,0.5432676146429503,0.4365050916280368,0.8215835001769054,0.026566848449142158
0.9036379618916682,0.9644682733234144,0.190890953778776,0.9118606600331629,0.43199338107232255,0.6038243419259739,0.4940692477723563,0.026866062764878337
0.8412506625743601,0.9791114943565491,0.1304130268529529,0.4719219841112289,0.030461649314596963,0.4633396474412975,0.4160189035763492,0.026746622362086643
0.3070711160544115,0.5567853994281046,0.9657935713871296,0.23733293717713191,0.44414447173676735,0.005396053549123945,0.561041836060081,0.026847549070172023
0.9845293442149115,0.9287493542348837,0.3124575075346016,0.5002185111659768,0.7904785301346889,0.2939832914118352,0.4133745157747044,0.02683217587657641
0.8868479588650405,0.06753354228747432,0.508472495597462,0.40512669041831684,0.9852396101836948,0.6082349244256289,0.24748325368738683,0.0263028713671702
0.6573015993116009,0.3676390034032515,0.6442342728166994,0.08606341259147181,0.8417118166139884,0.882963034094826,0.0823373477948002,0.02629895977269008
0.38997110338325053,0.5202484425393745,0.8020802614472653,0.7513425860802838,0.6678948410026605,0.8949541128671462,0.9934433678743023,0.026887253272020545
