model,multi_fidelity,rmse_rel,nlpd,coverage_95,fit_time_s,predict_time_s,rhos,hf_lengthscales,n_hf,seed
mfego MF (MLE),True,1.2070038983537468,6.967046400234463,0.6265,0.13924979999865172,0.003388599998288555,[1.0219731190149164],"[0.6785877539003304, 0.35350550100188066, 0.7468378031823443, 10.000000000000002, 10.000000000000002, 10.000000000000002]",5,0
mfego MF (MLE),True,1.0331973318697187,213.30422084470078,0.1375,0.1455482999990636,0.0029561000010289717,[0.9571687624233273],"[1.1571560419227542, 10.000000000000002, 10.000000000000002, 10.000000000000002, 10.000000000000002, 0.39874298723300355]",5,1
mfego MF (MLE),True,1.0508457835034564,12.815196487309667,0.648,0.13157399999909103,0.00344290000066394,[1.012605784510882],"[10.000000000000002, 0.17522454229417894, 10.000000000000002, 0.24921990120001195, 10.000000000000002, 10.000000000000002]",5,2
mfego MF (MLE),True,0.9945721997496497,5.6526511658774,0.61,0.17835510000077193,0.0034288000024389476,[0.9892921932750592],"[0.19618100510698178, 10.000000000000002, 10.000000000000002, 0.22250249789821686, 10.000000000000002, 10.000000000000002]",5,3
mfego MF (MLE),True,2.6658384628355902,21.240212784586586,0.518,0.1421297000015329,0.0033370999990438577,[1.2244060863640338],"[10.000000000000002, 10.000000000000002, 10.000000000000002, 10.000000000000002, 10.000000000000002, 0.23474817045714352]",5,4
mfego MF (MLE),True,0.995378240783158,39.07006844877712,0.413,0.12132249999922351,0.002719199997955002,[1.0258456720771842],"[10.000000000000002, 10.000000000000002, 10.000000000000002, 10.000000000000002, 0.6014653337486534, 1.028553062910411]",5,5
mfego MF (MLE),True,1.4984991502801088,39.21391076041936,0.3395,0.14769900000101188,0.002930999999080086,[1.2724342144461174],"[10.000000000000002, 5.5407267422097215, 10.000000000000002, 10.000000000000002, 10.000000000000002, 0.26948230056482203]",5,6
mfego MF (MLE),True,1.1059462363373143,645.7008854571213,0.113,0.11104709999926854,0.00270970000201487,[0.9917033290268038],"[10.000000000000002, 10.000000000000002, 10.000000000000002, 10.000000000000002, 0.2488067513303581, 10.000000000000002]",5,7
mfego MF (MLE),True,1.183718795436292,27.366060987606282,0.462,0.15443790000063018,0.002814399998896988,[1.0661669780541976],"[10.000000000000002, 10.000000000000002, 0.2334797368536016, 10.000000000000002, 10.000000000000002, 0.7550853629417297]",5,8
mfego MF (MLE),True,1.028808785481936,549.2405135783551,0.164,0.10089970000262838,0.00266629999896395,[1.0105910330918897],"[10.000000000000002, 10.000000000000002, 10.000000000000002, 10.000000000000002, 0.20939056529327987, 10.000000000000002]",5,9
mfego MF (MLE),True,1.0784750338403473,21.30990579357946,0.64,0.1496543000030215,0.006746999999450054,[0.9991516869423315],"[10.000000000000002, 10.000000000000002, 10.000000000000002, 10.000000000000002, 0.04621320529231597, 10.000000000000002]",10,0
mfego MF (MLE),True,1.0047228555969283,3.263497698672868,0.6675,0.1366054999998596,0.007287799999176059,[0.9979850426141473],"[10.000000000000002, 0.19403265351606597, 10.000000000000002, 0.7567806253165196, 10.000000000000002, 0.42785841782454015]",10,1
mfego MF (MLE),True,0.9609111142394093,3.546923018333334,0.772,0.14965870000014547,0.006428600001527229,[0.9813944031013085],"[0.14787272856212133, 10.000000000000002, 10.000000000000002, 10.000000000000002, 10.000000000000002, 0.0897235862309206]",10,2
mfego MF (MLE),True,1.1153269797691996,4.7357532819399895,0.7545,0.1552296000008937,0.006719699998939177,[1.0000788297370433],"[0.4189315492002264, 0.28808125922295347, 10.000000000000002, 10.000000000000002, 10.000000000000002, 0.15557315244556727]",10,3
mfego MF (MLE),True,1.2561274470348378,4.847453515068873,0.732,0.1863331000022299,0.008160299999872223,[1.04294982253228],"[10.000000000000002, 10.000000000000002, 0.15037791672220466, 10.000000000000002, 0.21997343563420743, 10.000000000000002]",10,4
mfego MF (MLE),True,1.5165373796488273,6.050090618415383,0.6515,0.11414119999972172,0.005799099999421742,[1.3428551483289375],"[0.3464219549802209, 10.000000000000002, 1.5527171131903823, 10.000000000000002, 0.4469127984266316, 10.000000000000002]",10,5
mfego MF (MLE),True,1.008727345745392,2.3695958166056825,0.7235,0.17689270000118995,0.006026900002325419,[1.0456258651381192],"[0.647489376666784, 0.23690252182172944, 10.000000000000002, 0.28851472668356665, 10.000000000000002, 10.000000000000002]",10,6
mfego MF (MLE),True,1.8234803285131995,9.472460352151677,0.564,0.11381140000230516,0.0066426999983377755,[1.2279740038684086],"[0.2788014155009868, 10.000000000000002, 10.000000000000002, 10.000000000000002, 10.000000000000002, 0.4282912179519666]",10,7
mfego MF (MLE),True,0.9830683919157981,91.36102805635703,0.333,0.11683830000038142,0.006967599998461083,[1.009251993933681],"[10.000000000000002, 10.000000000000002, 0.466522595911852, 10.000000000000002, 0.2176477938282782, 10.000000000000002]",10,8
mfego MF (MLE),True,1.1516807194957346,13.027284550605893,0.5215,0.1609838000003947,0.0064044999999168795,[1.0927747493022444],"[10.000000000000002, 10.000000000000002, 0.3613639085919507, 2.3268129982675254, 10.000000000000002, 0.21736277449951127]",10,9
mfego MF (MLE),True,1.010663309001143,15.831973817038024,0.636,0.19095720000041183,0.014080400000239024,[0.9885470398904018],"[0.2065331702767192, 10.000000000000002, 0.1020783889395938, 10.000000000000002, 10.000000000000002, 10.000000000000002]",20,0
mfego MF (MLE),True,1.0015013972649147,3.208380042854652,0.742,0.15860070000053383,0.015631199999916134,[0.9093995495334608],"[0.8003610776661602, 10.000000000000002, 0.24513995137252906, 0.3911025150771484, 0.2543900708532322, 10.000000000000002]",20,1
mfego MF (MLE),True,0.9852011951116223,6.262025123420092,0.6205,0.18800179999743705,0.01399419999870588,[1.0428112391474849],"[0.17568879827144693, 1.5037151772491273, 0.7898372701814134, 0.7196051701794905, 10.000000000000002, 0.5768944269326907]",20,2
mfego MF (MLE),True,0.9154863173332194,10.337888644098737,0.628,0.17109350000100676,0.014551200001733378,[0.9306046658936886],"[10.000000000000002, 10.000000000000002, 0.5926271826645068, 0.3069340102303853, 0.21951365438385947, 10.000000000000002]",20,3
mfego MF (MLE),True,1.0564148502734476,19.15474291710517,0.523,0.14470569999684813,0.015542199998890283,[1.0325590029754288],"[0.22984992072676974, 0.14998474649955013, 10.000000000000002, 10.000000000000002, 10.000000000000002, 10.000000000000002]",20,4
mfego MF (MLE),True,1.0597774233204482,15.158360548595176,0.614,0.1736339000017324,0.01610149999760324,[1.0099674656410296],"[10.000000000000002, 10.000000000000002, 0.2808020136812493, 1.573925932320284, 0.11257899025594575, 10.000000000000002]",20,5
mfego MF (MLE),True,0.9894370403604417,25.95731190183686,0.541,0.15533700000014505,0.014396100003068568,[0.9641463306709003],"[0.47847174795302577, 0.2857789011687243, 10.000000000000002, 10.000000000000002, 0.22122432497537237, 10.000000000000002]",20,6
mfego MF (MLE),True,1.2385542567952779,80.65164022805344,0.325,0.18872810000175377,0.014694299999973737,[1.0096311129029345],"[10.000000000000002, 10.000000000000002, 6.233780493414661, 10.000000000000002, 10.000000000000002, 0.0495188154889796]",20,7
mfego MF (MLE),True,1.187216247139463,1.9977894801319303,0.7855,0.17604579999897396,0.014050199999473989,[1.0440080351585455],"[10.000000000000002, 10.000000000000002, 0.1389036109945744, 10.000000000000002, 0.20048393131076725, 0.4530753293997309]",20,8
mfego MF (MLE),True,1.1622755872481159,7.703742416610534,0.6205,0.19976200000019162,0.014319699999759905,[0.9852571296477098],"[10.000000000000002, 0.4404497896902372, 0.053774719542236275, 10.000000000000002, 2.7111430745863565, 10.000000000000002]",20,9
mfego MF (MLE),True,0.8085475808475476,0.4654055336653747,0.907,0.319615899999917,0.03342100000008941,[0.8656111308848421],"[0.46048773951581917, 0.31027043917645486, 0.40049275372289816, 0.3496639897256247, 0.4817490628334459, 0.5849970637536719]",40,0
mfego MF (MLE),True,1.0194653394688324,0.9217238844857848,0.815,0.2990127000011853,0.03567289999773493,[0.9579615901711418],"[1.8755818321048314, 0.35735450652481765, 10.000000000000002, 0.2044232642371328, 0.9520676026341764, 0.4433966004735667]",40,1
mfego MF (MLE),True,0.9048610115318975,3.9230873177744745,0.756,0.29502440000214847,0.03169490000072983,[0.9646556089808368],"[0.14745743756286425, 0.40314225476643434, 10.000000000000002, 0.40152017909317395, 1.171990142938354, 0.35150051196539506]",40,2
mfego MF (MLE),True,1.0036479671318006,0.5186362960957522,0.9635,0.29010090000156197,0.036757599998964,[1.0000000000000002],"[0.01112584472234276, 0.010000000000246171, 0.01585845842726487, 0.01316379599803858, 0.010000000000584337, 0.010000088377355299]",40,3
mfego MF (MLE),True,0.8265937659128547,1.5492351610730084,0.837,0.3255352000014682,0.032155799999600276,[0.9967725913194713],"[10.000000000000002, 0.1973037812454813, 10.000000000000002, 0.2908391383298194, 0.2343755457057114, 0.528196870766723]",40,4
mfego MF (MLE),True,0.8517992836624997,2.069475113980103,0.784,0.2833632000001671,0.031149999998888234,[0.9410994406930846],"[0.3129001028919239, 0.30669891463312937, 0.7358314369586129, 10.000000000000002, 0.34519595307309237, 0.59156760326266]",40,5
mfego MF (MLE),True,0.9597184757824206,0.7503120591736822,0.8395,0.32916109999860055,0.02947209999911138,[0.9963047567287419],"[0.34662995618520465, 0.7448343669465664, 1.2539646366434194, 0.14471333320872465, 10.000000000000002, 0.15496080902928966]",40,6
mfego MF (MLE),True,1.3386479557955155,3.067665837745208,0.761,0.31364290000055917,0.033262099997955374,[1.0044593479483324],"[0.08529748913730464, 10.000000000000002, 10.000000000000002, 2.791189422393591, 10.000000000000002, 0.13419865272024478]",40,7
mfego MF (MLE),True,1.236933799242806,1.73489246965127,0.8305,0.3262239999967278,0.039138899999670684,[0.9034121504918217],"[0.1298704487357044, 10.000000000000002, 0.25745678598425914, 0.6798008735952268, 0.3066500689883887, 10.000000000000002]",40,8
mfego MF (MLE),True,0.7989410216801149,0.7600711315366208,0.84,0.2752509999991162,0.03286540000044624,[0.8968437793429166],"[0.28527305675838555, 0.27189959259314844, 2.234040405834271, 0.4631610196757879, 0.4595422806770065, 0.5977964019016931]",40,9
mfego MF (MAP),True,0.9714054479156102,0.557294914527002,0.9275,0.0398830000012822,0.0035979000022052787,[1.0263920386358445],"[0.5162982181749902, 0.4641209864036674, 0.4989798331597535, 0.4860320551492848, 0.5182611519425032, 0.4987426372210215]",5,0
mfego MF (MAP),True,0.9944766081780696,7.236372601485832,0.765,0.06906549999985145,0.0036418000017874874,[0.9957831942695184],"[0.49665713669657446, 0.5019375613742669, 0.5328425560611364, 0.46859086189427146, 0.5723304448676186, 0.4689375623762334]",5,1
mfego MF (MAP),True,1.0312066068862151,4.5760568860656505,0.784,0.03829480000058538,0.0035142999986419454,[0.9994300148605703],"[0.4661453017455201, 0.48802607908585693, 0.457576245493769, 0.4923144200458314, 0.4853769876174694, 0.4833989655928683]",5,2
mfego MF (MAP),True,1.0247393622146668,1.2170983317033743,0.8575,0.041705600000568666,0.002609300001495285,[0.9910656237634126],"[0.49141796811151633, 0.5175376925756733, 0.47033960760004484, 0.4268638463476734, 0.4901056189243958, 0.4546299261427267]",5,3
mfego MF (MAP),True,1.662441369463196,1.0987758608718958,0.991,0.044512699998449534,0.003744800000276882,[0.972299912506628],"[0.495217891262438, 0.4573953522102463, 0.48937614827171094, 0.499112589823697, 0.502916578955107, 0.4475323295204563]",5,4
mfego MF (MAP),True,0.9443877849120244,3.399943164151997,0.829,0.0390813000012713,0.0030475000021397136,[0.9916348123743218],"[0.5200438182484831, 0.5257724918612513, 0.5134808397393043, 0.4943291130151742, 0.47463533072208514, 0.5173483170896221]",5,5
mfego MF (MAP),True,0.9833342806957225,0.48629814163850194,0.9595,0.04996700000265264,0.003435699996771291,[0.9942865682257702],"[0.486005085872497, 0.4613051564905588, 0.48069475285046204, 0.46995315543491256, 0.4772519105816219, 0.4790790362351739]",5,6
mfego MF (MAP),True,1.0415761952220353,16.534781988201235,0.618,0.041303800000605406,0.00352510000084294,[0.9951232041334118],"[0.4859779413594995, 0.4752051611086118, 0.469271692370439, 0.5043535775110084, 0.42291316085489306, 0.47894721247461886]",5,7
mfego MF (MAP),True,1.0067729206792315,0.8330454979730247,0.879,0.039242599999852246,0.0037228999972285237,[1.000389223441984],"[0.48483330404018277, 0.48924231327350975, 0.4316015397538768, 0.5035201065902494, 0.49428992042124664, 0.4644951425099481]",5,8
mfego MF (MAP),True,1.0079438433741663,8.13740581280773,0.7525,0.040982599999551894,0.0030204000031517353,[0.9979405343135378],"[0.4466419599838226, 0.4884408941687603, 0.5255702466602064, 0.5096199857365226, 0.5135002996155961, 0.45658578368389824]",5,9
mfego MF (MAP),True,0.9323712551729434,0.5646321838302437,0.8975,0.059201000000030035,0.006907800001499709,[0.9445008196196785],"[0.4761869385382329, 0.3516460713835318, 0.4047265367805483, 0.3496544613834007, 0.40252861857355887, 0.4664523786467469]",10,0
mfego MF (MAP),True,0.9574932030130956,0.7786614123662503,0.881,0.05173849999846425,0.007178399999247631,[0.9616201687401756],"[0.4726676953311773, 0.4707399651555782, 0.6872877216052037, 0.501939060500533, 0.49449866784003166, 0.5202763238103177]",10,1
mfego MF (MAP),True,0.8951302320207614,0.8772644077100386,0.886,0.05128319999857922,0.006732900001225062,[0.992918589373616],"[0.4500193916236349, 0.4751974309768895, 0.5005327997479321, 0.38512700834241037, 0.48966339072384796, 0.4349349343242088]",10,2
mfego MF (MAP),True,0.9756747462883981,0.7964169198125474,0.8845,0.054158700000698445,0.007645199999387842,[0.937744412881073],"[0.4481727142139743, 0.4141719931026142, 0.47711574583904925, 0.40975097277769035, 0.41757711160977773, 0.4407354319069152]",10,3
mfego MF (MAP),True,0.8615277200014043,0.4108555147377856,0.97,0.05821080000168877,0.007113899999239948,[0.943342010745003],"[0.39021422826473545, 0.43681361041982375, 0.4327291390286895, 0.42433805117844425, 0.45874168536785365, 0.48761144452020055]",10,4
mfego MF (MAP),True,0.9416069907174476,0.46330179448078224,0.969,0.0553966000006767,0.007135500000003958,[1.042566340269888],"[0.40592664870266354, 0.52416486245957, 0.5097165675731764, 0.5307816059298343, 0.44995059658889475, 0.46551188288752127]",10,5
mfego MF (MAP),True,0.908601775093885,0.5706126889444026,0.9095,0.08322789999874658,0.0065251000014541205,[1.034933376411031],"[0.4864953547834358, 0.4346876762022961, 0.6005433167066531, 0.39654669882713206, 0.5140437235642094, 0.5687996279175616]",10,6
mfego MF (MAP),True,1.2010748675572773,0.7335130228324821,0.9655,0.050660299999435665,0.0066919999990204815,[0.9875147496632929],"[0.3699278725287826, 0.5133941399810238, 0.5215091249311928, 0.5069952056560441, 0.45108301045651356, 0.4856317238292747]",10,7
mfego MF (MAP),True,1.0016813195121619,4.5466650910875,0.777,0.04505399999834481,0.006261800001084339,[0.9992336807711867],"[0.5891833635527836, 0.49780210428396404, 0.3839530744250298, 0.5302023602940095, 0.40794743683284207, 0.5454784394518252]",10,8
mfego MF (MAP),True,0.9667073407731028,0.72300579701948,0.8935,0.05430010000054608,0.006880299999465933,[1.0307250333046154],"[0.545650886528939, 0.4882986140584049, 0.38796813653411405, 0.4813215161538014, 0.5389077326782371, 0.37584431223051445]",10,9
mfego MF (MAP),True,0.834155556738468,0.9864471995034928,0.8765,0.08318619999772636,0.013381299999309704,[0.9494162026919069],"[0.46950600877005566, 0.5134178805573338, 0.3341355558769678, 0.5950251279927047, 0.37943970727590903, 0.437023600430482]",20,0
mfego MF (MAP),True,0.949991632649288,1.4393998144172482,0.8015,0.11855149999973946,0.014799399999901652,[0.8869652230832694],"[0.5336102724878524, 0.6270551855271478, 0.29477595397147205, 0.4547213247103021, 0.3642918089912625, 0.8851236779400368]",20,1
mfego MF (MAP),True,0.9426367652586678,2.4550421718218423,0.7805,0.10007110000151442,0.01412269999855198,[1.0088902946453417],"[0.24824405295468704, 0.6756667490194124, 0.5696602143257928, 0.5232923798512964, 0.7090244593396458, 0.556672934647921]",20,2
mfego MF (MAP),True,0.8188692123073025,0.8576834262539735,0.877,0.0924775999992562,0.01380070000232081,[0.9250877789237985],"[0.48491444603927997, 0.38832048906193867, 0.5630121468141942, 0.3524092898206885, 0.35701225257514496, 0.5880636198170361]",20,3
mfego MF (MAP),True,0.9009721876504944,1.1403856606664617,0.8595,0.09284109999862267,0.009078999999474036,[0.931966757425259],"[0.36853685649560974, 0.3312328999451719, 0.6026636646058281, 0.5041668813800193, 0.3758083518141882, 0.35820066669891526]",20,4
mfego MF (MAP),True,0.8794431999067024,1.33383191409986,0.8435,0.1283244999976887,0.014293699998233933,[0.94935153160637],"[0.5528480762456418, 0.7370770994970876, 0.4139341825961855, 0.5868628118111726, 0.2626094832162251, 0.42283646002171177]",20,5
mfego MF (MAP),True,0.9500790990892345,5.394583305732538,0.753,0.08885020000161603,0.015023200001451187,[0.9607451404508246],"[0.521262408051891, 0.3221507241708888, 0.5056043505139888, 0.6309748196005074, 0.34093168360768183, 0.7276062872635344]",20,6
mfego MF (MAP),True,0.9376012474524845,0.6563520210651417,0.895,0.0888176000007661,0.015054400002554758,[0.968388765197708],"[0.5498441553404051, 0.36444433828657397, 0.5771588350008562, 0.34939115621621286, 0.6358990501463894, 0.30576463709131796]",20,7
mfego MF (MAP),True,0.9586600376419399,0.4593400877994152,0.932,0.08715289999963716,0.014633200000389479,[0.9669372072068553],"[0.5213890808027442, 0.3329828687433034, 0.5348795968513169, 0.45252329207140835, 0.36243773195574364, 0.3157737681055759]",20,8
mfego MF (MAP),True,0.8317739699586755,0.7861158299162008,0.8875,0.0859788000016124,0.015058299999509472,[0.9266171372707389],"[0.4103592916787684, 0.4907070928559877, 0.3918846563999069, 0.43498955899696196, 0.5727523501415129, 0.5658300754941803]",20,9
mfego MF (MAP),True,0.7833434573192932,0.4611574563344882,0.8975,0.21726240000134567,0.03639200000179699,[0.8625235992849293],"[0.5083802097785337, 0.3817757975118848, 0.4114585208617959, 0.3535389071614694, 0.5027509016397921, 0.5095161959396026]",40,0
mfego MF (MAP),True,0.7933868052749545,0.2585971617418467,0.9415,0.2089175000000978,0.03087039999809349,[0.8840646331651555],"[0.5959496272816259, 0.3780733962073197, 0.6224549911678532, 0.3202348670987435, 0.6116979849229699, 0.3706606613645592]",40,1
mfego MF (MAP),True,0.8539811408381474,2.1142954164620784,0.819,0.21338590000232216,0.03781379999782075,[0.9491127334849974],"[0.3418287491669418, 0.5246584025802701, 0.5063414527081002, 0.44583127334550215, 0.4952717647524042, 0.2838947928668338]",40,2
mfego MF (MAP),True,0.6955817866916058,0.21179878535031174,0.9725,0.21305729999949108,0.036281599997892044,[0.9159471271413817],"[0.3134112028425386, 0.27548028639851674, 0.8459872675518127, 0.46525039254075856, 0.3371519587448548, 0.35008141842578633]",40,3
mfego MF (MAP),True,0.7672798589475867,0.7876467023972281,0.868,0.23123839999971096,0.031047400003444636,[0.9498506283935793],"[0.8938710078479197, 0.4897850233906637, 0.4332869177972545, 0.46074586739164913, 0.27622874039180323, 0.4811641762378723]",40,4
mfego MF (MAP),True,0.7204898001243969,0.6044603052679202,0.866,0.1905895000018063,0.036290899999585235,[0.9045997730507341],"[0.46866520623838853, 0.42000820763483604, 0.6490903965446255, 0.4516238635550748, 0.3493693309747388, 0.5051513141124483]",40,5
mfego MF (MAP),True,0.7649574841160162,0.30889421640168224,0.907,0.25002200000017183,0.030498399999487447,[0.9152970680571507],"[0.42108028695757416, 0.472192292116972, 0.7231795968577182, 0.38208731044759237, 0.2694362568641323, 0.5673670656318528]",40,6
mfego MF (MAP),True,0.814027218731848,0.3040180324867972,0.947,0.24512809999941965,0.030639699998573633,[1.0088208880070575],"[0.21356394940811593, 0.4115776279923023, 0.688955249789115, 0.4549116664326304, 0.7144856931145681, 0.22217750716049]",40,7
mfego MF (MAP),True,1.0242288261108685,0.7376565972180406,0.8775,0.19220770000174525,0.037171700001636054,[0.8870583696675803],"[0.16714198122262133, 1.0786397404843537, 0.3561783660851318, 0.472350131895688, 0.3291828812952405, 0.80231432440631]",40,8
mfego MF (MAP),True,0.7426924563248916,0.666395692331799,0.8535,0.20680739999806974,0.031532000000879634,[0.8951638037736995],"[0.3331132891092225, 0.32535651957513506, 0.6905324411417587, 0.4486086001397621, 0.3885583290382517, 0.6211444928020019]",40,9
mfego SF (MLE),False,1.2191927545784988,7.518931127315945,0.6055,0.05762780000077328,0.0012420999992173165,[],"[0.6803648188928673, 0.3578165486481202, 0.8028531681333303, 10.000000000000002, 10.000000000000002, 10.000000000000002]",5,0
mfego SF (MLE),False,1.0402471003831657,153.91780237730467,0.174,0.0350553000025684,0.0011016999997082166,[],"[1.127342096304216, 3.815096303598443, 10.000000000000002, 10.000000000000002, 10.000000000000002, 0.34822551683227343]",5,1
mfego SF (MLE),False,1.0648651578856763,12.785811692586355,0.652,0.059803500000271015,0.0012495999981183559,[],"[10.000000000000002, 0.17101091558992948, 10.000000000000002, 0.2508195303001528, 10.000000000000002, 10.000000000000002]",5,2
mfego SF (MLE),False,1.000180609023193,5.512883789754547,0.6205,0.08196830000088084,0.001138899999205023,[],"[0.19563458236858822, 10.000000000000002, 10.000000000000002, 0.2194478256977945, 10.000000000000002, 10.000000000000002]",5,3
mfego SF (MLE),False,2.598990176194189,21.574892576668077,0.531,0.03566580000187969,0.0010432999988552183,[],"[10.000000000000002, 10.000000000000002, 10.000000000000002, 10.000000000000002, 10.000000000000002, 0.24057455467772684]",5,4
mfego SF (MLE),False,0.9703528520021104,321.4005201180489,0.3635,0.04665290000048117,0.0010695999990275595,[],"[10.000000000000002, 10.000000000000002, 10.000000000000002, 0.7939434850403899, 0.4463269198814135, 10.000000000000002]",5,5
mfego SF (MLE),False,1.1461194811202657,1.1151184627798059,0.894,0.044492600001831306,0.0010150000016437843,[],"[10.000000000000002, 0.19995452612444206, 10.000000000000002, 0.24159808296181887, 10.000000000000002, 0.4569210005423809]",5,6
mfego SF (MLE),False,1.1154237427473432,2131.0013382704424,0.0655,0.055165699999633944,0.001056000000971835,[],"[10.000000000000002, 10.000000000000002, 10.000000000000002, 10.000000000000002, 0.2421592549453084, 10.000000000000002]",5,7
mfego SF (MLE),False,1.1236757327337732,19.5199352919404,0.61,0.05270369999925606,0.0011948999999731313,[],"[10.000000000000002, 10.000000000000002, 0.39655953511930575, 10.000000000000002, 10.000000000000002, 0.26738420826174986]",5,8
mfego SF (MLE),False,1.0276011776502694,204.15500298507735,0.352,0.033082899997680215,0.0010562999996182043,[],"[0.34454797841308676, 10.000000000000002, 10.000000000000002, 10.000000000000002, 10.000000000000002, 0.4160768378716522]",5,9
mfego SF (MLE),False,1.0265328069273392,0.7444879676625779,0.892,0.040329199997358955,0.0023043999972287565,[],"[0.05040566771210391, 0.010000000000000004, 0.010000000000000004, 0.010000000000000004, 0.010000000000000004, 0.010000000000000004]",10,0
mfego SF (MLE),False,1.2140562846006928,15.367434065146435,0.5135,0.035003500001039356,0.002018700000917306,[],"[0.33619038943255336, 10.000000000000002, 10.000000000000002, 1.0659624249615485, 0.3072170487672949, 10.000000000000002]",10,1
mfego SF (MLE),False,1.0634274511708388,2.3975005584343965,0.8005,0.071535800001584,0.0024032000001170672,[],"[0.8744006487772545, 0.2131576962772155, 0.07577069277488355, 10.000000000000002, 10.000000000000002, 10.000000000000002]",10,2
mfego SF (MLE),False,0.9616245292885232,14.355717405348834,0.5485,0.0472518000024138,0.0018979999986186158,[],"[10.000000000000002, 10.000000000000002, 10.000000000000002, 0.2073790296935906, 0.3416457552122235, 10.000000000000002]",10,3
mfego SF (MLE),False,1.0173585552729711,0.5035936443983201,0.9585,0.04283660000146483,0.0027568000004976057,[],"[0.010000000000000004, 0.010000000000000004, 0.010000000000000004, 0.010000000000000004, 0.010000000000000004, 0.01940101862409661]",10,4
mfego SF (MLE),False,1.400794968348882,4.68185070000793,0.7095,0.056832700000086334,0.0022287000028882176,[],"[0.2994517414439262, 10.000000000000002, 1.3570446799797846, 10.000000000000002, 0.435274935876687, 10.000000000000002]",10,5
mfego SF (MLE),False,1.0226592154278422,2.7612374473462613,0.7115,0.06897110000136308,0.002232999999250751,[],"[0.6607632589789816, 0.23408190262609324, 10.000000000000002, 0.31339930393365084, 10.000000000000002, 10.000000000000002]",10,6
mfego SF (MLE),False,1.8457814344676995,10.052451517318657,0.557,0.043396799999754876,0.002316999998583924,[],"[0.3134011982506437, 10.000000000000002, 10.000000000000002, 10.000000000000002, 10.000000000000002, 0.4159367096862035]",10,7
mfego SF (MLE),False,0.9960701258065456,96.41307846680206,0.3255,0.05159579999963171,0.001816200001485413,[],"[10.000000000000002, 10.000000000000002, 0.451771838324031, 10.000000000000002, 0.22200312920825668, 10.000000000000002]",10,8
mfego SF (MLE),False,1.1562316141920004,13.851888893768416,0.533,0.04093020000073011,0.00213150000126916,[],"[10.000000000000002, 10.000000000000002, 0.330882431212537, 4.4345380807254715, 10.000000000000002, 0.1839719129491573]",10,9
mfego SF (MLE),False,1.0570118442663465,30.34252274424314,0.5985,0.08272029999716324,0.006050799998774892,[],"[0.21042753830924885, 10.000000000000002, 0.10502533636365578, 10.000000000000002, 10.000000000000002, 10.000000000000002]",20,0
mfego SF (MLE),False,1.0033007922504367,3.499381021133092,0.738,0.05844050000087009,0.006783300003007753,[],"[0.8156855514072568, 10.000000000000002, 0.22815034661110797, 0.37619211388813967, 0.2493095901776548, 10.000000000000002]",20,1
mfego SF (MLE),False,1.0078076381677985,7.045662083703885,0.585,0.06104310000227997,0.007735999999567866,[],"[0.2081333481742046, 1.758428322632213, 0.6013333491538763, 0.6150308027453539, 10.000000000000002, 0.8554939430368232]",20,2
mfego SF (MLE),False,0.9479311290465183,11.996001281985926,0.649,0.07303640000100131,0.005698700002540136,[],"[10.000000000000002, 10.000000000000002, 0.605353208789611, 0.2821573165043284, 0.21470807041675496, 10.000000000000002]",20,3
mfego SF (MLE),False,1.0140900176401006,0.8380081719635665,0.888,0.050311599999986356,0.007360300001892028,[],"[0.010000000000000004, 0.010000000000000004, 0.010000000000000004, 0.010000000000000004, 0.010000000000000004, 0.010000000000000004]",20,4
mfego SF (MLE),False,1.059898468882671,20.887521444429296,0.6035,0.0730576000023575,0.006065900000976399,[],"[10.000000000000002, 10.000000000000002, 0.28056740587813084, 1.5701109196797784, 0.11301462292124245, 10.000000000000002]",20,5
mfego SF (MLE),False,1.012756483486659,37.49789960003795,0.5095,0.050836899998103036,0.007114100000762846,[],"[0.4897432800868309, 0.26200254161636294, 10.000000000000002, 10.000000000000002, 0.22512774397178628, 10.000000000000002]",20,6
mfego SF (MLE),False,0.9964974236905952,3.169619768771059,0.8,0.07129359999817098,0.005097699999168981,[],"[0.08750032438435358, 10.000000000000002, 10.000000000000002, 10.000000000000002, 0.11412761439431696, 10.000000000000002]",20,7
mfego SF (MLE),False,1.2273813778103388,2.6013052343420493,0.8105,0.09056039999995846,0.0047917999982018955,[],"[10.000000000000002, 0.07796196405204134, 10.000000000000002, 10.000000000000002, 0.14616585286005337, 10.000000000000002]",20,8
mfego SF (MLE),False,0.9105450266896521,1.8687157870142157,0.819,0.05917810000028112,0.004815299998881528,[],"[0.33672572420154523, 10.000000000000002, 0.29524023097298163, 0.2994304297625391, 0.6569349722902004, 0.7272913678146372]",20,9
mfego SF (MLE),False,1.0444091496550922,1.354662386592661,0.7885,0.09718350000184728,0.011119400001916802,[],"[10.000000000000002, 0.4848318715138191, 0.2496646925090504, 0.3665148442686787, 0.7720820875776441, 0.2925031337577057]",40,0
mfego SF (MLE),False,1.0266412055738232,0.9918083926604735,0.807,0.08133169999928214,0.010332900001230882,[],"[1.90136725128404, 0.3562329966649587, 10.000000000000002, 0.2043033054226975, 0.9622917970658419, 0.4439873448427436]",40,1
mfego SF (MLE),False,0.9965848365508366,4.145861164166563,0.7575,0.08003159999861964,0.010155100000702078,[],"[0.14687298522352346, 0.1467931438520307, 0.3508521172693015, 0.5934307859427779, 10.000000000000002, 0.9845785463622785]",40,2
mfego SF (MLE),False,1.0398063844567986,0.8686328410850029,0.877,0.08545020000019576,0.009970499999326421,[],"[0.20855540502567338, 0.11319043789182395, 10.000000000000002, 10.000000000000002, 0.5761839845024347, 0.4133154349814811]",40,3
mfego SF (MLE),False,1.001021549594259,0.529792442157164,0.9245,0.08323089999976219,0.011795800000982126,[],"[0.01608151281534003, 0.0100091083746705, 0.013336292480265202, 0.010005264761534986, 0.010006869979007316, 0.01054262640806904]",40,4
mfego SF (MLE),False,0.912779253931732,2.9019063143143504,0.7575,0.08369820000007167,0.011023800001566997,[],"[0.32507880766883296, 0.3249461437933613, 0.8288232303966967, 10.000000000000002, 0.3623956352920874, 0.5962659742847798]",40,5
mfego SF (MLE),False,0.8240080730887611,0.583539983548182,0.8785,0.09416380000038771,0.011765100000047823,[],"[0.35234083657172705, 0.4591562123494551, 0.8064772918167554, 0.34818955321071793, 0.22380903941838093, 1.116339294567453]",40,6
mfego SF (MLE),False,1.3268854380734616,1.7501709496298121,0.765,0.08423490000132006,0.010493800000404008,[],"[0.12932810500776487, 0.3304678231010242, 10.000000000000002, 0.3890401386122129, 10.000000000000002, 1.2018571369336373]",40,7
mfego SF (MLE),False,1.2734382323889901,2.0637136592474197,0.823,0.0872230999993917,0.010165399999095825,[],"[0.12751013796505556, 10.000000000000002, 0.25701918887116465, 0.7522648472317273, 0.3079051015959734, 10.000000000000002]",40,8
mfego SF (MLE),False,1.1749112683549578,6.942621919743437,0.6835,0.12305249999917578,0.008880699999281205,[],"[2.522784763223635, 10.000000000000002, 0.0193657309902039, 10.000000000000002, 10.000000000000002, 0.4604217784989518]",40,9
mfego SF (MAP),False,0.9697788963521464,0.5531573885734032,0.9265,0.017835099999501836,0.0012320999994699378,[],"[0.517102888171006, 0.46405765618791167, 0.5006462288029176, 0.4857701631164413, 0.5192556070023894, 0.49866196994026374]",5,0
mfego SF (MAP),False,0.9959918619983786,7.004199642207299,0.765,0.03782800000044517,0.001094100000045728,[],"[0.4950307183977899, 0.5008122948447302, 0.5323953063795053, 0.46942518179366083, 0.5716731691712602, 0.4695948256016774]",5,1
mfego SF (MAP),False,1.03147843220026,3.925837643222116,0.7975,0.02647150000120746,0.0010914000013144687,[],"[0.46513069641219124, 0.4924672565789998, 0.4625164453650573, 0.49243235207727276, 0.4887967394542102, 0.48490205694723276]",5,2
mfego SF (MAP),False,1.0316887022782255,1.2467637517826249,0.8555,0.016353999999410007,0.0011486000003060326,[],"[0.4916339828687745, 0.5183269426013535, 0.4714867993253816, 0.42669119313047504, 0.4889327846800453, 0.45333535097419925]",5,3
mfego SF (MAP),False,1.6941342438026312,1.1078740017633621,0.991,0.016503700000612298,0.001092300000891555,[],"[0.4958407822493493, 0.45629579243782054, 0.4895275231560304, 0.4995966332884069, 0.5040574065892289, 0.44602558125560643]",5,4
mfego SF (MAP),False,0.9694949257534388,3.6372115158039895,0.82,0.017506600001070183,0.001107100000808714,[],"[0.5140558993889688, 0.5311072239381587, 0.5281078182938381, 0.47666582939852503, 0.4731510890730138, 0.5173613199036113]",5,5
mfego SF (MAP),False,0.9949384481547953,0.49474422494862536,0.958,0.017191900002217153,0.0006756000002496876,[],"[0.4865365766765053, 0.46034876199552666, 0.48058282975714806, 0.4664564177103624, 0.47650475863759995, 0.4784202205859391]",5,6
mfego SF (MAP),False,1.0540317449084577,19.865786065829035,0.531,0.020462899999984074,0.0011025000021618325,[],"[0.4837872399170619, 0.4738475748028008, 0.46904428398438797, 0.4975878707801155, 0.4219509431206485, 0.4722356826197054]",5,7
mfego SF (MAP),False,1.008160093024554,0.8255887461909596,0.88,0.015766399999847636,0.00112749999971129,[],"[0.4844066191298141, 0.4887660458485326, 0.43151583292469614, 0.5030025238275907, 0.4942968090972807, 0.46472815933427253]",5,8
mfego SF (MAP),False,1.0270490601359996,10.512355340298217,0.7195,0.01620090000142227,0.0011608000022533815,[],"[0.4513851647566495, 0.504330948980768, 0.5308301152354599, 0.5145821403956666, 0.5095943357867697, 0.4539878067597358]",5,9
mfego SF (MAP),False,0.913990193822828,0.4799610069378387,0.908,0.021750299998529954,0.00225480000153766,[],"[0.4709402610988109, 0.3596618348964029, 0.38792650472554263, 0.35431235396210686, 0.39569016932508494, 0.45715797301616573]",10,0
mfego SF (MAP),False,0.9898229220769231,0.8972697434939759,0.8645,0.01786580000043614,0.0021191999985603616,[],"[0.468395024104169, 0.4549951885230948, 0.6645521776047965, 0.49200433678768274, 0.48435276556162205, 0.5156858938286342]",10,1
mfego SF (MAP),False,0.9124061784948392,0.7029493540524886,0.898,0.017974899998080218,0.0021495999972103164,[],"[0.4827548427048767, 0.4617933503937254, 0.511739512482463, 0.40797559775872755, 0.4937200172167052, 0.47624950506968505]",10,2
mfego SF (MAP),False,0.9735644855951968,0.7440524121080654,0.8905,0.018664399998669978,0.001993499998206971,[],"[0.43205890164025396, 0.3982494557813448, 0.4869881216592315, 0.40328593070666524, 0.41236177527892165, 0.42136706710286354]",10,3
mfego SF (MAP),False,0.9034910391276365,0.4399447665881321,0.97,0.020610200001101475,0.001992699999391334,[],"[0.38806307598982825, 0.43084485573538717, 0.429616385884508, 0.4210397970236913, 0.45847351316472845, 0.4851810286867377]",10,4
mfego SF (MAP),False,0.9480511648580695,0.47887721194510624,0.968,0.01886240000021644,0.002077000001008855,[],"[0.4073461879973991, 0.5204027169951638, 0.5136063232121819, 0.528717912129664, 0.45578957438234113, 0.46693564880440114]",10,5
mfego SF (MAP),False,0.9197968006098001,0.5402720594966024,0.9175,0.017412000001058914,0.001965700001164805,[],"[0.4884167540916754, 0.4392866588255192, 0.5969039933065555, 0.39662789078754124, 0.5077528380984372, 0.5534577001743044]",10,6
mfego SF (MAP),False,1.224455984134278,0.7462129078715316,0.9645,0.0200671999991755,0.0023259000008692965,[],"[0.3693005006376247, 0.5147390076216054, 0.5205842609418818, 0.5104571037638889, 0.45111968257244517, 0.48969977662000336]",10,7
mfego SF (MAP),False,1.0095493149974377,4.564559385004956,0.77,0.017849699997896096,0.002147200000763405,[],"[0.5981448620775999, 0.5044963692683063, 0.3822038975071281, 0.5368252957344778, 0.40900138051644813, 0.5598763953775446]",10,8
mfego SF (MAP),False,0.9642605188500943,0.6998513214668898,0.8935,0.021705700000893557,0.0025047999988601077,[],"[0.5387196317564696, 0.47870793160227665, 0.3846718999197583, 0.47596546786867844, 0.528789446618335, 0.38053445052463775]",10,9
mfego SF (MAP),False,0.8571280169289192,0.8798794012196819,0.882,0.02845810000144411,0.005792799998744158,[],"[0.48509319645615695, 0.48955291950385676, 0.34973857408496273, 0.5747629444809569, 0.3901930305349013, 0.40687036135473115]",20,0
mfego SF (MAP),False,0.9657290094952714,1.4046037875484536,0.7995,0.025984599997173063,0.005740999997215113,[],"[0.5847926177425555, 0.5991132672065542, 0.2882687547765802, 0.43441980068838026, 0.34421888825974173, 0.8443823086658389]",20,1
mfego SF (MAP),False,0.9442240067311652,2.12798729752106,0.792,0.02551790000143228,0.005891100001463201,[],"[0.2588082726242293, 0.6306491075618825, 0.5363793064327003, 0.5353932922433857, 0.7042845387670273, 0.5585652078696036]",20,2
mfego SF (MAP),False,0.8655463406105903,0.7990210266643096,0.8785,0.033121100001153536,0.0063599999994039536,[],"[0.5928337950353343, 0.46232230602419383, 0.5149530935807065, 0.31843142557808446, 0.30603295805737046, 0.566680852963471]",20,3
mfego SF (MAP),False,0.9341015440186446,1.2149781276545273,0.8455,0.03051430000050459,0.005164999998669373,[],"[0.3308556645243699, 0.28423545780660936, 0.6718398043344057, 0.521480147211201, 0.41053778236007316, 0.4705101187637043]",20,4
mfego SF (MAP),False,0.8896823273563582,1.3151333232843416,0.848,0.025785900001210393,0.005198700000619283,[],"[0.5418690233829478, 0.71920453346047, 0.40293991913467736, 0.5769510259367537, 0.25808059421325313, 0.4359239903843088]",20,5
mfego SF (MAP),False,0.9814879031333081,5.607147588458593,0.735,0.025527000001602573,0.005206300000281772,[],"[0.5330565688093007, 0.32308593301865285, 0.5595721391472699, 0.6037654747524976, 0.3225876069594619, 0.7002431044250558]",20,6
mfego SF (MAP),False,0.9525256265235713,0.6980357923599141,0.8935,0.032454099997266894,0.006234000000404194,[],"[0.551852400452822, 0.36546927680429053, 0.5876286685265224, 0.348344914989199, 0.652601279950075, 0.3068022616511327]",20,7
mfego SF (MAP),False,0.9882004099439707,0.4856000040755441,0.9335,0.028296699998463737,0.005477300001075491,[],"[0.5269566550857815, 0.3403316499743699, 0.5311790591025948, 0.4551644998636082, 0.35590577771507176, 0.31428010289778946]",20,8
mfego SF (MAP),False,0.8591225235627636,0.9777356853633988,0.88,0.028575799999089213,0.006373899999744026,[],"[0.3700240048102691, 0.5015751440328584, 0.4392253461995415, 0.42869935490395933, 0.5894548059859309, 0.6104390772699113]",20,9
mfego SF (MAP),False,0.8313961491449281,0.5293452264966105,0.89,0.04679989999931422,0.010056399998575216,[],"[0.5900264880945995, 0.3766926939414828, 0.4020427056655903, 0.3406590562606732, 0.5376579227298615, 0.4988378691879421]",40,0
mfego SF (MAP),False,0.8435405701199885,0.3119261553151079,0.937,0.04672480000226642,0.010525100002269028,[],"[0.5969720740266699, 0.37400090692581534, 0.582533427868849, 0.31809388600745364, 0.6431497093797868, 0.37827511967400085]",40,1
mfego SF (MAP),False,0.8572668714399677,2.0443412674202577,0.817,0.048284500000590924,0.010156699998333352,[],"[0.31001073775595867, 0.48717322989553374, 0.6928183269602131, 0.447446291054213, 0.47802389115197774, 0.2883064259014249]",40,2
mfego SF (MAP),False,0.7205551791932866,0.24038265050045365,0.976,0.042581600002449704,0.009238599999662256,[],"[0.30497310750328027, 0.27366894377879125, 0.8487377887661328, 0.4523486751275435, 0.3375731109123924, 0.34431210002118806]",40,3
mfego SF (MAP),False,0.7787186570822137,0.7152234584828923,0.872,0.050316300003032666,0.010482199999387376,[],"[0.8614571243867726, 0.4554466826531898, 0.4381364409106457, 0.466414503380484, 0.28302874477205825, 0.49788755570977167]",40,4
mfego SF (MAP),False,0.7812291534166019,0.8295620716870569,0.851,0.05515459999878658,0.009965200002625352,[],"[0.468339460684532, 0.40250489249326066, 0.7051112381354788, 0.4891625485332396, 0.3540406537760859, 0.5082562882313031]",40,5
mfego SF (MAP),False,0.7860330019017762,0.33934504484959943,0.9035,0.044198299998242874,0.009908500000165077,[],"[0.40479242205720617, 0.4729744265116803, 0.7024416324145027, 0.3777062422913882, 0.282729553289324, 0.5973815751058944]",40,6
mfego SF (MAP),False,0.8363187007780779,0.3100173549917089,0.9365,0.05300859999988461,0.009503599998424761,[],"[0.23308337471922413, 0.37006954351314447, 0.8290533047195652, 0.5148188626893212, 0.8428151521848963, 0.27129908934376745]",40,7
mfego SF (MAP),False,1.1186847040367953,0.8125725718094479,0.8785,0.08183819999976549,0.00969950000217068,[],"[0.16671016781160788, 1.0771758180627284, 0.3333052335233263, 0.49238632411862515, 0.326143075513381, 0.7845486071823183]",40,8
mfego SF (MAP),False,0.7726230378440601,0.6258062426957406,0.8545,0.05093510000006063,0.011160300000483403,[],"[0.33956496368749306, 0.3223093270896914, 0.7461286928751731, 0.4589341309781765, 0.41315039705480305, 0.6178750667801757]",40,9
BoTorch MF-GP (MF),True,1.3932816081844368,0.8188491268962239,0.9885,1.63509139999951,0.8423883999967074,[],,5,0
BoTorch MF-GP (MF),True,1.211156041233518,0.7187622178568649,0.985,1.6166394000028959,1.2144822000009299,[],,5,1
BoTorch MF-GP (MF),True,1.101908413044706,0.6721209221610088,0.9845,1.90984010000102,2.1327869999986433,[],,5,2
BoTorch MF-GP (MF),True,1.4950762418819756,0.8866373096585897,0.985,1.7364052000011725,1.2587920999976632,[],,5,3
BoTorch MF-GP (MF),True,1.9059066180178252,1.1299698347042937,0.998,1.8551635999974678,1.6757609000014781,[],,5,4
BoTorch MF-GP (MF),True,1.1833016159311815,0.7190048254508874,0.9865,1.85938890000034,1.53245170000082,[],,5,5
BoTorch MF-GP (MF),True,1.3643283414469374,0.8150823867518152,0.9905,1.8502927999979875,2.183714599999803,[],,5,6
BoTorch MF-GP (MF),True,1.143598864117552,0.6883134323762672,0.985,1.6491449999994074,1.4324288000025263,[],,5,7
BoTorch MF-GP (MF),True,1.2634194301779609,0.7454519261114153,0.986,1.6187190000018745,1.2468836000007286,[],,5,8
BoTorch MF-GP (MF),True,1.1242280692273239,0.684495556346164,0.9845,2.514701399999467,2.0311086000001524,[],,5,9
BoTorch MF-GP (MF),True,0.9307295910461806,0.3984422346538483,0.954,2.4965033999978914,2.5569762000013725,[],,10,0
BoTorch MF-GP (MF),True,0.9736674406631824,0.47668424608925297,0.9525,3.0031820999975025,2.271232400002191,[],,10,1
BoTorch MF-GP (MF),True,0.955707964626067,0.5324481737271829,0.9405,1.9773243000017828,1.96799170000304,[],,10,2
BoTorch MF-GP (MF),True,0.9749154522658207,0.45833399211931014,0.9405,3.0000313999989885,1.973773199999414,[],,10,3
BoTorch MF-GP (MF),True,1.049694076812689,0.5501538998703255,0.9745,2.1233753000014985,2.21317320000162,[],,10,4
BoTorch MF-GP (MF),True,0.9231241521310207,0.4713872497086918,0.979,2.7425117999991926,2.1846364999983052,[],,10,5
BoTorch MF-GP (MF),True,0.9514149514888179,0.4860233526817092,0.9515,3.0148096999982954,2.2959411999981967,[],,10,6
BoTorch MF-GP (MF),True,1.2052491099199185,0.6752899930192237,0.9745,2.5760216000016953,2.164992699999857,[],,10,7
BoTorch MF-GP (MF),True,0.9986393061640463,0.6799742941539639,0.901,2.0746461000017007,2.120766600000934,[],,10,8
BoTorch MF-GP (MF),True,0.9889988235991262,0.5058925293981831,0.9375,3.61397709999801,2.322648000001209,[],,10,9
BoTorch MF-GP (MF),True,0.8852778225795683,1.5148632339266621,0.8565,3.3638179000008677,2.3588915999971505,[],,20,0
BoTorch MF-GP (MF),True,0.9159617818440545,0.9570404072855145,0.843,3.1521160999982385,2.233411699999124,[],,20,1
BoTorch MF-GP (MF),True,0.9358213308346928,1.7649402850680258,0.8555,3.853005500001018,1.8419045000009646,[],,20,2
BoTorch MF-GP (MF),True,0.8955005035004877,0.834338815588972,0.893,3.518992500001332,2.2902482000026794,[],,20,3
BoTorch MF-GP (MF),True,0.8991209898901825,1.1493452271573714,0.862,3.7995700999999826,1.958611899997777,[],,20,4
BoTorch MF-GP (MF),True,0.8870146087276011,1.3213804395963733,0.8655,3.5363108000019565,2.3577680999987933,[],,20,5
BoTorch MF-GP (MF),True,0.9294673162632586,3.7691306574107153,0.7935,3.2124706000031438,2.3980791000030877,[],,20,6
BoTorch MF-GP (MF),True,0.9481076470079632,1.1111091806786217,0.857,3.5162611000014294,2.1272412999969674,[],,20,7
BoTorch MF-GP (MF),True,1.0005943749421218,0.61893895297722,0.9125,5.009359300001961,1.2293546000000788,[],,20,8
BoTorch MF-GP (MF),True,0.8524199971172899,1.4207626523637944,0.8665,2.799325300002238,2.51690360000066,[],,20,9
BoTorch MF-GP (MF),True,0.8212301572065968,0.7626853425059226,0.875,3.790141500001482,1.2405385999991267,[],,40,0
BoTorch MF-GP (MF),True,0.8580542601731821,0.4141645934887744,0.9285,5.774420300000202,0.21165470000050846,[],,40,1
BoTorch MF-GP (MF),True,0.8990846810113983,3.319120626402998,0.801,5.011474599999929,0.6517124999991211,[],,40,2
BoTorch MF-GP (MF),True,0.8054385073772524,0.34488407278538225,0.942,4.519705899998371,0.6977454000007128,[],,40,3
BoTorch MF-GP (MF),True,0.7803591765272511,1.0300139440604426,0.8575,4.598790999996709,0.4706229000003077,[],,40,4
BoTorch MF-GP (MF),True,0.8148047055557922,1.2540167504800892,0.834,3.8692366000032052,0.6080920999993396,[],,40,5
BoTorch MF-GP (MF),True,0.8567706180100128,1.045029792531425,0.82,4.122496599997248,0.7263056999981927,[],,40,6
BoTorch MF-GP (MF),True,0.7920085974761064,0.40490131791802764,0.914,3.683435799997824,0.6930625999993936,[],,40,7
BoTorch MF-GP (MF),True,0.941491236323622,0.5125096362918817,0.8955,3.975299300000188,0.5648040999985824,[],,40,8
BoTorch MF-GP (MF),True,0.7929169218320344,0.8639126390775287,0.8525,3.971611600001779,0.5533262999997532,[],,40,9
BoTorch SingleTaskGP (SF),False,0.9731996398003296,0.4941685398352994,0.9405,0.8422224000023562,0.4113634000023012,[],,5,0
BoTorch SingleTaskGP (SF),False,1.0031829125033946,8.209608026691173,0.7045,0.38142570000127307,0.38375969999833615,[],,5,1
BoTorch SingleTaskGP (SF),False,1.0481304487694587,2.807448588371352,0.812,0.08756929999799468,0.3600884000006772,[],,5,2
BoTorch SingleTaskGP (SF),False,1.0222806606699006,0.892369618286469,0.907,0.33112330000221846,0.2895472999989579,[],,5,3
BoTorch SingleTaskGP (SF),False,1.4930075709607051,1.1372232607277215,0.999,0.22334240000054706,0.4152265999982774,[],,5,4
BoTorch SingleTaskGP (SF),False,0.9598193976619588,6.008052412530625,0.7645,0.581194599999435,0.2564253999989887,[],,5,5
BoTorch SingleTaskGP (SF),False,0.9775125491922955,0.514132292890401,0.969,0.43085079999946174,0.3735274000027857,[],,5,6
BoTorch SingleTaskGP (SF),False,1.0566413420987966,15.935147150811703,0.684,0.32124990000011167,0.435155000002851,[],,5,7
BoTorch SingleTaskGP (SF),False,1.0114030118178543,0.6394657453020123,0.902,0.2865419000008842,0.37923939999745926,[],,5,8
BoTorch SingleTaskGP (SF),False,1.0309631916031767,10.055500361345139,0.689,0.32455750000008265,0.24415199999930337,[],,5,9
BoTorch SingleTaskGP (SF),False,0.9561325424322885,0.7257821366346618,0.8905,0.82586000000083,0.21293030000015278,[],,10,0
BoTorch SingleTaskGP (SF),False,0.9864052341123997,1.0649093546844461,0.801,0.3727402999975311,0.19040139999924577,[],,10,1
BoTorch SingleTaskGP (SF),False,0.9390017039602926,0.8242962742093253,0.889,0.3114497999995365,0.1877492000021448,[],,10,2
BoTorch SingleTaskGP (SF),False,0.9158210239952232,0.5788822629761274,0.8985,0.473408499998186,0.12235189999773866,[],,10,3
BoTorch SingleTaskGP (SF),False,1.0594318528847217,0.5591456757583619,0.939,0.857486599998083,0.27301619999707327,[],,10,4
BoTorch SingleTaskGP (SF),False,1.329351087102428,1.1331409040019584,0.838,0.5363187000002654,0.15949370000089402,[],,10,5
BoTorch SingleTaskGP (SF),False,0.9684769904977273,0.7922070297638896,0.853,0.5390345000014349,0.19748059999983525,[],,10,6
BoTorch SingleTaskGP (SF),False,1.6390982450613647,1.4432119401738484,0.805,0.6698495999989973,0.2642873000004329,[],,10,7
BoTorch SingleTaskGP (SF),False,0.9894250971503022,10.662944249698835,0.6205,0.5117045000006328,0.21221809999769903,[],,10,8
BoTorch SingleTaskGP (SF),False,1.0147901071480578,1.1084555496460056,0.845,0.5691191000005347,0.2664230000009411,[],,10,9
BoTorch SingleTaskGP (SF),False,1.031596828259334,3.6920958531022,0.7545,0.445171899998968,0.24134010000125272,[],,20,0
BoTorch SingleTaskGP (SF),False,1.0085725903763862,2.1945667784620957,0.758,0.5516867000005732,0.2914995999999519,[],,20,1
BoTorch SingleTaskGP (SF),False,0.9829247696383213,4.066993698569315,0.659,0.3333669999992708,0.1896087000022817,[],,20,2
BoTorch SingleTaskGP (SF),False,0.9344753418196451,3.862786404723916,0.7315,0.6902729000030376,0.27111209999929997,[],,20,3
BoTorch SingleTaskGP (SF),False,0.9646107603159544,2.631160940186488,0.761,0.5414138000014646,0.3336514000002353,[],,20,4
BoTorch SingleTaskGP (SF),False,1.0468474959995737,6.160329931622364,0.684,1.1091388999993796,0.21654169999965234,[],,20,5
BoTorch SingleTaskGP (SF),False,1.0028857480539393,12.469679959818324,0.6165,0.29392210000150953,0.14617520000319928,[],,20,6
BoTorch SingleTaskGP (SF),False,0.971946779999326,1.0151334891373067,0.8675,0.621179800000391,0.2987874999998894,[],,20,7
BoTorch SingleTaskGP (SF),False,1.051550701733999,0.6946871542732647,0.866,0.5270619000002625,0.27989069999966887,[],,20,8
BoTorch SingleTaskGP (SF),False,0.8832253905071763,1.1158123345509707,0.861,0.5476226000027964,0.24593260000256123,[],,20,9
BoTorch SingleTaskGP (SF),False,0.8882924043335834,0.6792583980517424,0.8635,0.4570603000029223,0.27777680000144755,[],,40,0
BoTorch SingleTaskGP (SF),False,0.9331288540455316,0.5408467559111434,0.885,0.48034199999892735,0.332499000000098,[],,40,1
BoTorch SingleTaskGP (SF),False,0.9132361406563416,2.9077997122971406,0.786,0.5451212000007217,0.2047751000027347,[],,40,2
BoTorch SingleTaskGP (SF),False,0.9636550787950176,0.5074511899916834,0.9215,0.7811877999993158,0.20901339999909396,[],,40,3
BoTorch SingleTaskGP (SF),False,0.8217323791604197,1.1218118797394043,0.849,0.8593128000029537,0.18104830000083894,[],,40,4
BoTorch SingleTaskGP (SF),False,0.8810383735612509,1.9399016046028439,0.792,0.5138894999981858,0.202207800000906,[],,40,5
BoTorch SingleTaskGP (SF),False,0.797664470184514,0.4741274882512892,0.889,0.3419589000004635,0.1937947999977041,[],,40,6
BoTorch SingleTaskGP (SF),False,1.2320282245149894,1.1765171971124242,0.8235,0.7223173999991559,0.2629839999972319,[],,40,7
BoTorch SingleTaskGP (SF),False,1.2381187316893072,1.2628496656587525,0.8515,0.5885097999998834,0.2222342999993998,[],,40,8
BoTorch SingleTaskGP (SF),False,0.8728512539422145,1.250995577023715,0.793,0.5771425000020827,0.23662409999815281,[],,40,9
