n,seed,nll_mle,rmse_rel_mle,ls_median_mle,nll_map,rmse_rel_map,ls_median_map
5,0,6.332111443090717,1.2191927545784988,5.401426584066666,6.913898530105633,0.9697788963521464,0.49965409937159067
5,1,5.4930244249566895,1.0402471003831657,6.907548151799222,6.982202167544134,0.9959918619983786,0.49792150662126006
5,2,6.875531143379182,1.0648651578856763,10.000000000000002,7.313183325997461,1.03147843220026,0.4868493982007215
5,3,6.761064256324064,1.000180609023193,10.000000000000002,7.46192187571427,1.0316887022782255,0.48020979200271346
5,4,5.226199998623715,2.598990176194189,10.000000000000002,7.295029738700961,1.6941342438026312,0.49268415270268984
5,5,4.478946773718578,0.9703528520021104,10.000000000000002,7.025430857570493,0.9694949257534388,0.5157086096462901
5,6,6.997066891407264,1.1461194811202657,5.228460500271192,7.462651198139395,0.9949384481547953,0.4774624896117695
5,7,6.057531299994071,1.1154237427473432,10.000000000000002,7.450413989753101,1.0540317449084577,0.4730416287112531
5,8,6.693651389183146,1.1236757327337732,10.000000000000002,7.352636183503677,1.008160093024554,0.4865863324891734
5,9,5.2376484865964645,1.0276011776502694,10.000000000000002,7.188457071072457,1.0270490601359996,0.5069626423837689
10,0,14.1893855584945,1.0265328069273392,0.010000000000000004,15.642603420496247,0.913990193822828,0.3918083370253138
10,1,11.500282277430628,1.2140562846006928,5.532981212480776,13.625859860740569,0.9898229220769231,0.48817855117465236
10,2,12.881741023898098,1.0634274511708388,5.437200324388628,14.345225931879618,0.9124061784948392,0.4795021738872809
10,3,12.180300831891607,0.9616245292885232,10.000000000000002,14.878397076730831,0.9735644855951968,0.4168644211908926
10,4,14.189385382072077,1.0173585552729711,0.010000000000000004,15.361100174747826,0.9034910391276365,0.43023062080994756
10,5,11.753134805827713,1.400794968348882,5.678522339989893,14.089451979648661,0.9480511648580695,0.49027098600829155
10,6,12.222594473874524,1.0226592154278422,5.330381629489492,14.20782209625484,0.9197968006098001,0.4980847960950563
10,7,10.322552641762076,1.8457814344676995,10.000000000000002,14.417731872477894,1.224455984134278,0.5000784401919461
10,8,11.003554796168043,0.9960701258065456,10.000000000000002,14.30623187322266,1.0095493149974377,0.5206608325013921
10,9,12.989729960136899,1.1562316141920004,7.217269040362737,14.735363804077677,0.9642605188500943,0.47733669973547754
20,0,23.094616362292115,1.0570118442663465,10.000000000000002,28.346649789276412,0.8571280169289192,0.44598177890544405
20,1,20.80086187026798,1.0033007922504367,0.5959388326476982,23.137569603195484,0.9657290094952714,0.5096062092154678
20,2,24.63651580953204,1.0078076381677985,0.7352623728910885,26.895413274088657,0.9442240067311652,0.5474722571511519
20,3,20.105647159866145,0.9479311290465183,5.302676604394806,24.88024543549642,0.8655463406105903,0.4886376998024502
20,4,28.378770808521423,1.0140900176401006,0.010000000000000004,27.268564018053027,0.9341015440186446,0.44052395056188876
20,5,20.60279504494801,1.059898468882671,5.7850554598398904,26.46772545739902,0.8896823273563582,0.4888965068836283
20,6,23.77370448347442,1.012756483486659,5.244871640043416,26.32788784067389,0.9814879031333081,0.5463143539782853
20,7,27.050700419735755,0.9964974236905952,10.000000000000002,27.270016570797736,0.9525256265235713,0.4586608386285563
20,8,25.620102095143725,1.2273813778103388,10.000000000000002,29.300666242566436,0.9882004099439707,0.40553513878934
20,9,25.416772144578918,0.9105450266896521,0.4968303482458728,26.564141909322593,0.8591225235627636,0.47040024511619993
40,0,41.220279844565376,1.0444091496550922,0.42567335789124894,41.691024836601976,0.8313961491449281,0.45044028742676623
40,1,45.55104397876566,1.0266412055738232,0.7031395709542927,48.847010151809215,0.8435405701199885,0.4804042737714249
40,2,49.71758908275491,0.9965848365508366,0.4721414516060397,50.89745462538728,0.8572668714399677,0.4627350911030954
40,3,51.198156689647156,1.0398063844567986,0.49474970974195787,53.99034094353492,0.7205551791932866,0.3409426054667902
40,4,56.757541528469915,1.001021549594259,0.010275867391369771,47.51281918553616,0.7787186570822137,0.4609305930168369
40,5,46.730077907546345,0.912779253931732,0.4793308047884336,48.974368337499634,0.7812291534166019,0.4787510046088858
40,6,48.381389083693364,0.8240080730887611,0.40574852446059106,49.227313843414024,0.7860330019017762,0.43888342428444327
40,7,47.10178595442382,1.3268854380734616,0.7954486377729251,53.28853510118001,0.8363187007780779,0.44244420310123284
40,8,41.891165148541326,1.2734382323889901,0.5300849744138503,45.91401522791307,1.1186847040367953,0.41284577882097573
40,9,49.469147833992544,1.1749112683549578,6.261392381611818,44.380845921931346,0.7726230378440601,0.43604226401648977
80,0,80.58349674013377,0.64940222203505,0.41281431874042246,80.81968197715327,0.6645014930717084,0.41886132293118783
80,1,113.51508311403734,1.0019196782568263,0.010573895816069392,95.18277997051523,0.6399717850704711,0.30971340482426146
80,2,81.58328044387915,0.7520664459734674,0.40705350594572687,83.0732914219808,0.734896299869935,0.419992724085677
80,3,113.51508334764682,1.0016056341191735,0.010000000000000004,100.5278928834968,0.5813787060671795,0.3126801274857779
80,4,113.5150830563737,1.0005615603290399,0.012837593994388354,91.53380728426123,0.5599228349411955,0.3359129323724387
80,5,83.13142219597117,0.6283293447190366,0.3001286849963022,85.20059578028805,0.6228746457839502,0.3436184325489313
80,6,68.88861343740948,0.9160706300045947,0.508729590176747,70.248566350066,0.8475302031713517,0.4210995359999343
80,7,113.51508305698164,1.0049103043019219,0.010280867400491491,98.0303501376136,0.7016718355442498,0.38168630485685506
80,8,88.22523743430209,0.6648914017923009,0.30184441815091034,89.45920752464404,0.6495394463158348,0.3319386086223459
80,9,113.5150830580192,1.0017679909228425,0.010253001665008029,89.87582624198754,0.6742821425946464,0.3952259005442961
160,0,227.0301661127573,1.0000825671131908,0.012411990818140026,132.0584832427183,0.5483701053387409,0.3728491582107236
160,1,227.03016614603575,1.0001015496873282,0.01256877482391678,149.54935708145337,0.46757489291128673,0.3379023319137979
160,2,227.03016611274737,1.0000460400789148,0.01189205269782066,165.20115171813666,0.5551991971930582,0.3552310441541573
160,3,227.03016927836939,1.0025322194452642,0.011648090884914253,169.1170604692922,0.4374137919182703,0.3393607339746014
160,4,227.03016632783482,1.0001239965509527,0.01193976003676942,138.48946325996013,0.4640884367880992,0.38180142926569616
160,5,227.03016611296658,1.000768079181254,0.013027848820008552,152.0465776019655,0.48166670741158774,0.31755045899770906
160,6,227.0301668849531,1.0012823041324181,0.012802637471000345,159.6156525297237,0.4901402797824975,0.35266388341133625
160,7,227.0301661127657,1.0000068080242102,0.012192698709789118,171.02700390895413,0.5403086067760291,0.33383608869905507
160,8,227.03016663020702,1.0000123440838762,0.011720683480886378,128.26671387471117,0.5139419752097065,0.34375452496137804
160,9,227.03016611282462,1.0011894007894828,0.01208704670598494,154.06964796165505,0.5741523942422356,0.36020600812724046
