method,seed,final cost,best HF error,recommendation error,iterations,LF share,time / iteration (s)
mfego NN-MF-EGO (MLE),0,252.0,0.3174526700632576,0.2997068269603895,42,0.7619047619047619,0.32210048809507236
mfego NN-MF-EGO (MLE),1,252.0,1.9955492036662623,2.2416918579527154,42,0.7619047619047619,0.277337738094762
mfego NN-MF-EGO (MLE),2,252.0,0.33572623950670266,0.2975939847576301,42,0.7619047619047619,0.3173746952384785
mfego NN-MF-EGO (MLE),3,250.0,1.6398059438223587,1.7883447483847534,13,0.0,0.23812215384700372
mfego NN-MF-EGO (MLE),4,250.0,0.22702233392187132,0.15860533249441255,40,0.75,0.3279162975001782
mfego NN-MF-EGO (MLE),5,250.0,0.301166627639017,0.30127355558456737,49,0.8163265306122449,0.3105008836734056
mfego NN-MF-EGO (MLE),6,251.0,0.3107813434138835,0.3016528303906836,32,0.65625,0.3174455812497854
mfego NN-MF-EGO (MLE),7,258.0,0.1525247909848253,0.13598052132222582,21,0.38095238095238093,0.35891376666647073
mfego NN-MF-EGO (MLE),8,258.0,2.1725230466382923,2.1912516080638405,21,0.38095238095238093,0.3062907238095899
mfego NN-MF-EGO (MLE),9,250.0,0.7814169581643933,1.5177065312065836,13,0.0,0.289694415384964
mfego NN-MF-EGO (MAP),0,258.0,0.19442948694463835,0.2163113318251524,21,0.38095238095238093,0.23255470952357254
mfego NN-MF-EGO (MAP),1,255.0,1.6287337508877535,1.5933227000447359,18,0.2777777777777778,0.19997696111103222
mfego NN-MF-EGO (MAP),2,251.0,0.12327952971145129,0.02665236561674611,14,0.07142857142857142,0.19665965714271547
mfego NN-MF-EGO (MAP),3,250.0,0.5500515307380525,0.5638256917719136,13,0.0,0.19911644615394136
mfego NN-MF-EGO (MAP),4,250.0,0.17715267250638433,0.14165891132061148,13,0.0,0.1925688923074631
mfego NN-MF-EGO (MAP),5,255.0,0.10428613949518484,0.03255476366723942,18,0.2777777777777778,0.2289926055552011
mfego NN-MF-EGO (MAP),6,254.0,0.2346131665373128,0.21135268832244147,17,0.23529411764705882,0.21502936470556855
mfego NN-MF-EGO (MAP),7,250.0,0.20175771697565104,0.202295558671306,13,0.0,0.24424427692317224
mfego NN-MF-EGO (MAP),8,251.0,1.410417259508669,1.3277728754041371,14,0.07142857142857142,0.20597501428554615
mfego NN-MF-EGO (MAP),9,250.0,0.35349705791715813,0.326549808266837,13,0.0,0.23259376153873745
mfego SF-EGO (MLE),0,250.0,1.5842406796602355,2.7593344385777394,13,0.0,0.19708950769283826
mfego SF-EGO (MLE),1,250.0,1.9186122654975257,1.7618574099810524,13,0.0,0.1931564692313259
mfego SF-EGO (MLE),2,250.0,1.7384748715157983,2.01868758408455,13,0.0,0.12154236153834902
mfego SF-EGO (MLE),3,250.0,1.4805663100261597,1.5474910872982448,13,0.0,0.15414506153795698
mfego SF-EGO (MLE),4,250.0,1.9915100807410495,1.8453115181514994,13,0.0,0.10899877692281734
mfego SF-EGO (MLE),5,250.0,0.8488742348840654,0.7115304219081393,13,0.0,0.20151321538455355
mfego SF-EGO (MLE),6,250.0,1.8850827578346823,1.8378097602813677,13,0.0,0.17910816923036832
mfego SF-EGO (MLE),7,250.0,0.7083999535411643,0.7891706145001027,13,0.0,0.2063512692304637
mfego SF-EGO (MLE),8,250.0,0.2987107999248497,0.2757792451731098,13,0.0,0.20300299999955593
mfego SF-EGO (MLE),9,250.0,0.8815076299131674,1.2446146857674907,13,0.0,0.17918950769280156
mfego SF-EGO (MAP),0,250.0,0.0914631739548426,0.15831464734733247,13,0.0,0.17216263846085683
mfego SF-EGO (MAP),1,250.0,0.9338419527868966,0.7892037650315378,13,0.0,0.14328968461548078
mfego SF-EGO (MAP),2,250.0,0.2369140479564784,0.23152174601947983,13,0.0,0.1897882923076395
mfego SF-EGO (MAP),3,250.0,0.4097256187543974,0.40515825676431305,13,0.0,0.14166914615438705
mfego SF-EGO (MAP),4,250.0,0.42888983930639313,0.43539583852609764,13,0.0,0.1815463769226671
mfego SF-EGO (MAP),5,250.0,0.2934577277806949,0.31180717860135454,13,0.0,0.1650968384618374
mfego SF-EGO (MAP),6,250.0,1.6381184086245646,1.6517822145827066,13,0.0,0.17511669999993712
mfego SF-EGO (MAP),7,250.0,0.07635540730461221,0.022190934527758444,13,0.0,0.1639706307684649
mfego SF-EGO (MAP),8,250.0,0.6946679896937686,0.5929795754154474,13,0.0,0.17491219230746188
mfego SF-EGO (MAP),9,250.0,0.3178057955247633,0.33779247077963026,13,0.0,0.17569333076971816
BoTorch qLogEI (SF),0,250.0,1.2223349080385337,1.46712181850917,13,0.0,0.7662436846157317
BoTorch qLogEI (SF),1,250.0,1.8046261085301656,1.8096159714429836,13,0.0,0.8288224769228412
BoTorch qLogEI (SF),2,250.0,0.40326228213983795,0.40418740888515137,13,0.0,0.7305468153843742
BoTorch qLogEI (SF),3,250.0,1.9316666572836407,1.7233819984759622,13,0.0,0.8186157230769683
BoTorch qLogEI (SF),4,250.0,0.7218420371743917,0.5302824453666686,13,0.0,0.8427083230772741
BoTorch qLogEI (SF),5,250.0,0.49422914920530925,0.5806699955253918,13,0.0,0.6487315384611765
BoTorch qLogEI (SF),6,250.0,1.9864815535171023,1.9818015444069215,13,0.0,0.6165026999999379
BoTorch qLogEI (SF),7,250.0,0.46929283930963894,0.45863230684676504,13,0.0,0.7336287769226496
BoTorch qLogEI (SF),8,250.0,0.2130793527409547,0.25863220265096976,13,0.0,0.6930020461538964
BoTorch qLogEI (SF),9,250.0,0.5278444934739128,0.8308660972164836,13,0.0,0.7248553153843275
