prior,seed,best HF error,recommendation error,LF share
"IG(3, 0.4)",0,0.8496904370399716,0.6981049012388829,0.4782608695652174
"IG(3, 0.4)",1,1.2541632962024654,1.1949357410551218,0.4782608695652174
"IG(3, 0.4)",2,0.498006734018424,0.45888991081569186,0.35
"IG(3, 0.4)",3,0.24220433336677472,0.18520243731506314,0.0
"IG(3, 0.4)",4,0.7960017149208687,1.1160886732682216,0.23529411764705882
"IG(3, 0.4)",5,0.2050126828449388,0.16771280116006926,0.5
"IG(3, 0.4)",6,0.7116188189167314,0.6337822265427646,0.3157894736842105
"IG(3, 0.4)",7,0.17444060249080406,0.16731885898636012,0.0
"IG(3, 0.4)",8,1.954231774480712,2.2215346371258944,0.23529411764705882
"IG(3, 0.4)",9,0.594274976128919,0.42560552295783083,0.0
"IG(3, 1)",0,0.47266692997529747,0.46010519526032656,0.45454545454545453
"IG(3, 1)",1,0.1045989974768764,0.04467303355747898,0.4090909090909091
"IG(3, 1)",2,0.13506038565167566,0.13024983502245213,0.45454545454545453
"IG(3, 1)",3,1.0719582079820942,1.0902792626279578,0.0
"IG(3, 1)",4,0.1797493531114056,0.06979478810542838,0.38095238095238093
"IG(3, 1)",5,0.03346920949336463,0.025649104882155438,0.35
"IG(3, 1)",6,0.12075418504018476,0.04086720061753235,0.0
"IG(3, 1)",7,0.163535367614577,0.15596109925357426,0.07142857142857142
"IG(3, 1)",8,1.7747885450494507,1.75488168784356,0.2777777777777778
"IG(3, 1)",9,0.2878745327211676,0.26717914892412553,0.0
"IG(3, 2)",0,0.19442948694463835,0.2163113318251524,0.38095238095238093
"IG(3, 2)",1,1.6287337508877535,1.5933227000447359,0.2777777777777778
"IG(3, 2)",2,0.12327952971145129,0.02665236561674611,0.07142857142857142
"IG(3, 2)",3,0.5500515307380525,0.5638256917719136,0.0
"IG(3, 2)",4,0.17715267250638433,0.14165891132061148,0.0
"IG(3, 2)",5,0.10428613949518484,0.03255476366723942,0.2777777777777778
"IG(3, 2)",6,0.2346131665373128,0.21135268832244147,0.23529411764705882
"IG(3, 2)",7,0.20175771697565104,0.202295558671306,0.0
"IG(3, 2)",8,1.410417259508669,1.3277728754041371,0.07142857142857142
"IG(3, 2)",9,0.35349705791715813,0.326549808266837,0.0
"IG(3, 4)",0,0.3565621373773191,0.6191774517207538,0.07142857142857142
"IG(3, 4)",1,1.7494632270496158,1.7796045701832615,0.2777777777777778
"IG(3, 4)",2,0.24747812619952958,0.5247810643923843,0.0
"IG(3, 4)",3,0.527527361712405,0.2486573864078916,0.0
"IG(3, 4)",4,0.4351740302057059,0.86071516112243,0.0
"IG(3, 4)",5,0.9000751540661098,0.7274775217353988,0.0
"IG(3, 4)",6,0.9179891930854787,0.8981059337795911,0.0
"IG(3, 4)",7,0.44799127159264174,0.20424249265296224,0.0
"IG(3, 4)",8,2.0028427189177496,2.382948877980689,0.0
"IG(3, 4)",9,0.458430249222356,0.4973934826803519,0.0
"IG(3, 8)",0,1.6133235277810714,1.2674796806095672,0.23529411764705882
"IG(3, 8)",1,2.2019875816015997,2.8398171523567894,0.13333333333333333
"IG(3, 8)",2,0.9893157034289772,0.8774732296500716,0.0
"IG(3, 8)",3,0.7113219845311742,3.3113838604042343,0.0
"IG(3, 8)",4,1.9491737093028398,2.090831374403384,0.23529411764705882
"IG(3, 8)",5,1.4064037596222263,2.9774648644449195,0.13333333333333333
"IG(3, 8)",6,1.9980302345860153,2.2560251893534016,0.07142857142857142
"IG(3, 8)",7,0.4592444220967007,1.7130175160019498,0.13333333333333333
"IG(3, 8)",8,2.5732706601085282,2.5592026520566535,0.0
"IG(3, 8)",9,0.857955935393377,1.137813700087615,0.0
"IG(1.5, 1.25)",0,0.36568466349672457,0.33264786234112975,0.4782608695652174
"IG(1.5, 1.25)",1,1.6927569356150693,1.7100834007352372,0.35
"IG(1.5, 1.25)",2,0.1570330999638445,0.12973039917471452,0.2777777777777778
"IG(1.5, 1.25)",3,0.6850557083197901,0.4953595464427667,0.0
"IG(1.5, 1.25)",4,0.07129371977428045,0.10870209379159457,0.07142857142857142
"IG(1.5, 1.25)",5,0.3060050257922895,0.14328466229551795,0.2777777777777778
"IG(1.5, 1.25)",6,0.1661730084245061,0.31517233527427546,0.0
"IG(1.5, 1.25)",7,0.24488839247371796,0.24473491003820902,0.2777777777777778
"IG(1.5, 1.25)",8,1.918993971243338,1.8276502030598567,0.07142857142857142
"IG(1.5, 1.25)",9,0.3354917362647951,0.27409386985143325,0.0
"IG(10, 5.5)",0,0.2210001804396602,0.31016136656908966,0.4090909090909091
"IG(10, 5.5)",1,1.991829167524333,1.8300976272333185,0.23529411764705882
"IG(10, 5.5)",2,0.37741264619584713,0.19496964543230666,0.07142857142857142
"IG(10, 5.5)",3,0.6402515389888053,0.5842680851211748,0.0
"IG(10, 5.5)",4,0.3864425205229307,0.4477165401543073,0.0
"IG(10, 5.5)",5,0.5422772369851754,0.4769094314971536,0.0
"IG(10, 5.5)",6,0.16233342981639298,0.254797189296081,0.13333333333333333
"IG(10, 5.5)",7,0.2618463077377178,0.2900910903594873,0.0
"IG(10, 5.5)",8,1.8321136298044938,1.7781515454218513,0.07142857142857142
"IG(10, 5.5)",9,0.40340432685920646,0.4214322582612051,0.0
"Gamma(3, 4)",0,0.4976185001637137,0.48847814211577756,0.4090909090909091
"Gamma(3, 4)",1,1.0919640183914021,1.0517559413889388,0.45454545454545453
"Gamma(3, 4)",2,0.4878449466959447,0.6611996559460547,0.3157894736842105
"Gamma(3, 4)",3,0.7514261727354281,0.7257597462243752,0.0
"Gamma(3, 4)",4,0.0412287617668059,0.02254942867866694,0.0
"Gamma(3, 4)",5,0.19856440649877038,0.11796156524258983,0.2777777777777778
"Gamma(3, 4)",6,0.09443125435359434,0.10289875779979463,0.0
"Gamma(3, 4)",7,0.22637515639180883,0.2286221331835443,0.0
"Gamma(3, 4)",8,1.7702954612986894,1.7602033057184554,0.0
"Gamma(3, 4)",9,0.3214742425891455,0.31549381112026786,0.1875
"LogN(-0.13, 0.75)",0,0.3167993137869134,0.23139161934631192,0.1875
"LogN(-0.13, 0.75)",1,1.8413462110153913,1.777682567141098,0.3157894736842105
"LogN(-0.13, 0.75)",2,0.15745487298163896,0.16789015275042374,0.38095238095238093
"LogN(-0.13, 0.75)",3,1.2649339608988623,1.3119999468072878,0.0
"LogN(-0.13, 0.75)",4,0.3198869983689514,0.042467420728992344,0.0
"LogN(-0.13, 0.75)",5,0.009866192351330128,0.010574933301026768,0.0
"LogN(-0.13, 0.75)",6,0.19771984902029693,0.19208473434442874,0.0
"LogN(-0.13, 0.75)",7,0.23109480024678453,0.22677259350816614,0.0
"LogN(-0.13, 0.75)",8,1.8564535620817229,1.6631999494813612,0.13333333333333333
"LogN(-0.13, 0.75)",9,0.3033529447605825,0.2810925321952067,0.0
"Gamma(3, 6) BoTorch MF",0,0.0640985569576249,0.020607095823040655,0.4090909090909091
"Gamma(3, 6) BoTorch MF",1,1.8962252863342697,1.8652611587753076,0.45454545454545453
"Gamma(3, 6) BoTorch MF",2,0.20776415815820082,0.16140881744664304,0.2777777777777778
"Gamma(3, 6) BoTorch MF",3,0.8516039125103676,0.6532383744875712,0.0
"Gamma(3, 6) BoTorch MF",4,0.01394159391654437,0.09038361681393692,0.1875
"Gamma(3, 6) BoTorch MF",5,0.20205079339276377,0.18611943426353106,0.45454545454545453
"Gamma(3, 6) BoTorch MF",6,0.14815029918175648,0.12418627473990584,0.45454545454545453
"Gamma(3, 6) BoTorch MF",7,0.17694215497553323,0.1606467560791569,0.0
"Gamma(3, 6) BoTorch MF",8,1.4589395539359724,1.4712831113463154,0.07142857142857142
"Gamma(3, 6) BoTorch MF",9,0.38252196833951135,0.34304375684026933,0.35
"LogN(2.31, 1.73) BoTorch",0,0.9025995482148357,0.6629806689791851,0.23529411764705882
"LogN(2.31, 1.73) BoTorch",1,1.570141776449076,1.4370848830003073,0.5
"LogN(2.31, 1.73) BoTorch",2,0.4714470601906573,0.3152589730246933,0.07142857142857142
"LogN(2.31, 1.73) BoTorch",3,1.812959255079943,1.9070967796644116,0.0
"LogN(2.31, 1.73) BoTorch",4,0.4318857282699611,0.23889988483698943,0.07142857142857142
"LogN(2.31, 1.73) BoTorch",5,0.17641056866043314,0.11149259315088056,0.2777777777777778
"LogN(2.31, 1.73) BoTorch",6,0.6349284770025423,0.5308332827248341,0.0
"LogN(2.31, 1.73) BoTorch",7,0.25257297250312716,0.2835314183374953,0.0
"LogN(2.31, 1.73) BoTorch",8,1.5450505579915603,1.5121107298112793,0.0
"LogN(2.31, 1.73) BoTorch",9,0.14491527745103028,0.19599811605497308,0.0
