prior,group,mode,q05,median,q95,P(l < 0.1),P(l > 10)
"IG(3, 0.4)",mode,0.1,0.06353448413721416,0.14958525727604494,0.4891820764266804,0.23810330555354436,1.0351730262003635e-05
"IG(3, 1)",mode,0.25,0.15883621034303538,0.3739631431901123,1.222955191066701,0.0027693957155115775,0.00015465307026467172
"IG(3, 2)",mode,0.5,0.31767242068607077,0.7479262863802246,2.445910382133402,4.5551495055892125e-07,0.0011484812448621328
"IG(3, 4)",mode,1.0,0.6353448413721415,1.4958525727604493,4.891820764266804,3.572865928700233e-15,0.007926331867253838
"IG(3, 8)",mode,2.0,1.270689682744283,2.9917051455208985,9.783641528533607,5.921717403520811e-32,0.047422596071490235
"IG(1.5, 1.25)",strength,0.5,0.31990877109872495,1.0566473351670354,7.105374914798793,1.5440498291101365e-05,0.030859595783726757
"IG(10, 5.5)",strength,0.5,0.35020211451878624,0.5688450036191928,1.0137490737234083,1.9640587991942758e-14,4.238182681529382e-10
"Gamma(3, 4)",family,0.5,0.20442286179098834,0.6685150784308898,1.573948405467997,0.007926331867253838,3.572865928700233e-15
"LogN(-0.13, 0.75)",family,0.5,0.25556272491649623,0.8775273284801492,3.0131710815069708,0.0018902605764984904,0.0005886782983779905
"Gamma(3, 6) BoTorch MF",library,0.3333333333333333,0.13628190786065889,0.44567671895392647,1.0492989369786647,0.023115287752632965,1.629586652937817e-23
"LogN(2.31, 1.73) BoTorch",library,0.5016228667851216,0.5834031886641072,10.075364612327803,174.0014008216076,0.003870862169662221,0.5017293549523648
